model,variable,frequency
Boosting_1,svar,0.5853658536585366
Boosting_1,MOM_1,0.3333333333333333
Boosting_1,MOM_2,0.08130081300813008
Boosting_1,tbill,0
Boosting_1,long_yield,0
Boosting_1,inflation,0
Boosting_1,epu,0
Boosting_1,kilian,0
Boosting_1,oil_prod_growth,0
Boosting_1,oil_stock_growth,0
Boosting_1,oil_import_growth,0
Boosting_1,m2_growth,0
Boosting_1,ip_crude_growth,0
Boosting_1,unrate_change,0
Boosting_1,cfnai,0
Boosting_1,capacity_util,0
Boosting_1,MA_1_9,0
Boosting_1,MA_1_12,0
Boosting_1,MA_2_9,0
Boosting_1,MA_2_12,0
Boosting_1,MA_3_9,0
Boosting_1,MA_3_12,0
Boosting_1,MOM_3,0
Boosting_1,MOM_6,0
Boosting_1,MOM_9,0
Boosting_1,MOM_12,0
Boosting_1,OBV_1_9,0
Boosting_1,OBV_1_12,0
Boosting_1,OBV_2_9,0
Boosting_1,OBV_2_12,0
Boosting_1,OBV_3_9,0
Boosting_1,OBV_3_12,0
Boosting_5,MOM_1,1
Boosting_5,svar,0.7886178861788617
Boosting_5,MOM_2,0.2926829268292683
Boosting_5,inflation,0.04878048780487805
Boosting_5,tbill,0
Boosting_5,long_yield,0
Boosting_5,epu,0
Boosting_5,kilian,0
Boosting_5,oil_prod_growth,0
Boosting_5,oil_stock_growth,0
Boosting_5,oil_import_growth,0
Boosting_5,m2_growth,0
Boosting_5,ip_crude_growth,0
Boosting_5,unrate_change,0
Boosting_5,cfnai,0
Boosting_5,capacity_util,0
Boosting_5,MA_1_9,0
Boosting_5,MA_1_12,0
Boosting_5,MA_2_9,0
Boosting_5,MA_2_12,0
Boosting_5,MA_3_9,0
Boosting_5,MA_3_12,0
Boosting_5,MOM_3,0
Boosting_5,MOM_6,0
Boosting_5,MOM_9,0
Boosting_5,MOM_12,0
Boosting_5,OBV_1_9,0
Boosting_5,OBV_1_12,0
Boosting_5,OBV_2_9,0
Boosting_5,OBV_2_12,0
Boosting_5,OBV_3_9,0
Boosting_5,OBV_3_12,0
Boosting_10,MOM_1,1
Boosting_10,svar,0.7967479674796748
Boosting_10,MOM_2,0.5203252032520326
Boosting_10,inflation,0.2032520325203252
Boosting_10,cfnai,0.16260162601626016
Boosting_10,ip_crude_growth,0.0975609756097561
Boosting_10,MOM_6,0.04878048780487805
Boosting_10,tbill,0
Boosting_10,long_yield,0
Boosting_10,epu,0
Boosting_10,kilian,0
Boosting_10,oil_prod_growth,0
Boosting_10,oil_stock_growth,0
Boosting_10,oil_import_growth,0
Boosting_10,m2_growth,0
Boosting_10,unrate_change,0
Boosting_10,capacity_util,0
Boosting_10,MA_1_9,0
Boosting_10,MA_1_12,0
Boosting_10,MA_2_9,0
Boosting_10,MA_2_12,0
Boosting_10,MA_3_9,0
Boosting_10,MA_3_12,0
Boosting_10,MOM_3,0
Boosting_10,MOM_9,0
Boosting_10,MOM_12,0
Boosting_10,OBV_1_9,0
Boosting_10,OBV_1_12,0
Boosting_10,OBV_2_9,0
Boosting_10,OBV_2_12,0
Boosting_10,OBV_3_9,0
Boosting_10,OBV_3_12,0
Boosting_25,MOM_1,1
Boosting_25,svar,0.8048780487804879
Boosting_25,MOM_2,0.7560975609756098
Boosting_25,MOM_6,0.24390243902439024
Boosting_25,inflation,0.23577235772357724
Boosting_25,MA_3_9,0.21951219512195122
Boosting_25,oil_stock_growth,0.2032520325203252
Boosting_25,MOM_12,0.2032520325203252
Boosting_25,cfnai,0.18699186991869918
Boosting_25,ip_crude_growth,0.17886178861788618
Boosting_25,OBV_2_9,0.13008130081300814
Boosting_25,MA_2_12,0.07317073170731707
Boosting_25,MA_1_9,0.056910569105691054
Boosting_25,oil_import_growth,0.04878048780487805
Boosting_25,kilian,0.032520325203252036
Boosting_25,unrate_change,0.024390243902439025
Boosting_25,capacity_util,0.016260162601626018
Boosting_25,tbill,0.008130081300813009
Boosting_25,long_yield,0
Boosting_25,epu,0
Boosting_25,oil_prod_growth,0
Boosting_25,m2_growth,0
Boosting_25,MA_1_12,0
Boosting_25,MA_2_9,0
Boosting_25,MA_3_12,0
Boosting_25,MOM_3,0
Boosting_25,MOM_9,0
Boosting_25,OBV_1_9,0
Boosting_25,OBV_1_12,0
Boosting_25,OBV_2_12,0
Boosting_25,OBV_3_9,0
Boosting_25,OBV_3_12,0
Boosting_50,MOM_1,1
Boosting_50,svar,0.8292682926829268
Boosting_50,MOM_2,0.8048780487804879
Boosting_50,oil_stock_growth,0.7560975609756098
Boosting_50,inflation,0.5040650406504065
Boosting_50,MOM_12,0.43089430894308944
Boosting_50,MA_3_9,0.37398373983739835
Boosting_50,MA_1_9,0.3252032520325203
Boosting_50,OBV_2_9,0.3170731707317073
Boosting_50,long_yield,0.2926829268292683
Boosting_50,MA_1_12,0.2926829268292683
Boosting_50,MOM_6,0.2926829268292683
Boosting_50,MA_2_12,0.2764227642276423
Boosting_50,cfnai,0.25203252032520324
Boosting_50,capacity_util,0.24390243902439024
Boosting_50,ip_crude_growth,0.17886178861788618
Boosting_50,tbill,0.15447154471544716
Boosting_50,unrate_change,0.08943089430894309
Boosting_50,oil_import_growth,0.08130081300813008
Boosting_50,MOM_3,0.08130081300813008
Boosting_50,kilian,0.06504065040650407
Boosting_50,OBV_2_12,0.016260162601626018
Boosting_50,m2_growth,0.008130081300813009
Boosting_50,OBV_1_9,0.008130081300813009
Boosting_50,epu,0
Boosting_50,oil_prod_growth,0
Boosting_50,MA_2_9,0
Boosting_50,MA_3_12,0
Boosting_50,MOM_9,0
Boosting_50,OBV_1_12,0
Boosting_50,OBV_3_9,0
Boosting_50,OBV_3_12,0
Boosting_100,MOM_1,1
Boosting_100,MOM_6,1
Boosting_100,MA_1_9,0.943089430894309
Boosting_100,OBV_2_9,0.926829268292683
Boosting_100,oil_stock_growth,0.8536585365853658
Boosting_100,svar,0.8455284552845529
Boosting_100,MOM_2,0.8048780487804879
Boosting_100,cfnai,0.7560975609756098
Boosting_100,MOM_12,0.6504065040650406
Boosting_100,inflation,0.6422764227642277
Boosting_100,unrate_change,0.5772357723577236
Boosting_100,capacity_util,0.4634146341463415
Boosting_100,MOM_3,0.3902439024390244
Boosting_100,MA_1_12,0.3821138211382114
Boosting_100,MA_3_9,0.3821138211382114
Boosting_100,tbill,0.3252032520325203
Boosting_100,long_yield,0.3170731707317073
Boosting_100,MA_2_12,0.2845528455284553
Boosting_100,OBV_2_12,0.2764227642276423
Boosting_100,kilian,0.18699186991869918
Boosting_100,ip_crude_growth,0.17886178861788618
Boosting_100,m2_growth,0.14634146341463414
Boosting_100,oil_import_growth,0.13008130081300814
Boosting_100,OBV_1_12,0.10569105691056911
Boosting_100,epu,0.04065040650406504
Boosting_100,OBV_1_9,0.04065040650406504
Boosting_100,OBV_3_12,0.016260162601626018
Boosting_100,oil_prod_growth,0
Boosting_100,MA_2_9,0
Boosting_100,MA_3_12,0
Boosting_100,MOM_9,0
Boosting_100,OBV_3_9,0
Boosting_200,MA_1_9,1
Boosting_200,MOM_1,1
Boosting_200,MOM_6,1
Boosting_200,OBV_2_9,1
Boosting_200,unrate_change,0.983739837398374
Boosting_200,cfnai,0.9024390243902439
Boosting_200,oil_stock_growth,0.8617886178861789
Boosting_200,svar,0.8455284552845529
Boosting_200,MOM_2,0.8455284552845529
Boosting_200,MOM_3,0.8130081300813008
Boosting_200,inflation,0.7886178861788617
Boosting_200,MOM_12,0.7398373983739838
Boosting_200,MA_1_12,0.4959349593495935
Boosting_200,OBV_2_12,0.4959349593495935
Boosting_200,capacity_util,0.4796747967479675
Boosting_200,MA_3_9,0.4634146341463415
Boosting_200,tbill,0.44715447154471544
Boosting_200,kilian,0.36585365853658536
Boosting_200,long_yield,0.34959349593495936
Boosting_200,MA_2_9,0.34146341463414637
Boosting_200,MA_2_12,0.3333333333333333
Boosting_200,m2_growth,0.24390243902439024
Boosting_200,oil_import_growth,0.23577235772357724
Boosting_200,epu,0.21951219512195122
Boosting_200,ip_crude_growth,0.17886178861788618
Boosting_200,OBV_1_12,0.16260162601626016
Boosting_200,OBV_1_9,0.14634146341463414
Boosting_200,OBV_3_12,0.13008130081300814
Boosting_200,MA_3_12,0.008130081300813009
Boosting_200,OBV_3_9,0.008130081300813009
Boosting_200,oil_prod_growth,0
Boosting_200,MOM_9,0
Boosting_300,MA_1_9,1
Boosting_300,MOM_1,1
Boosting_300,MOM_6,1
Boosting_300,OBV_2_9,1
Boosting_300,unrate_change,0.991869918699187
Boosting_300,MOM_3,0.983739837398374
Boosting_300,cfnai,0.9349593495934959
Boosting_300,oil_stock_growth,0.8699186991869918
Boosting_300,inflation,0.8536585365853658
Boosting_300,svar,0.8455284552845529
Boosting_300,MOM_2,0.8455284552845529
Boosting_300,MOM_12,0.7560975609756098
Boosting_300,MA_1_12,0.6422764227642277
Boosting_300,OBV_2_12,0.5772357723577236
Boosting_300,MA_2_9,0.5691056910569106
Boosting_300,MA_3_9,0.5447154471544715
Boosting_300,capacity_util,0.5121951219512195
Boosting_300,tbill,0.4634146341463415
Boosting_300,kilian,0.4634146341463415
Boosting_300,long_yield,0.4146341463414634
Boosting_300,epu,0.4065040650406504
Boosting_300,MA_2_12,0.36585365853658536
Boosting_300,m2_growth,0.3333333333333333
Boosting_300,oil_import_growth,0.2926829268292683
Boosting_300,OBV_1_9,0.21138211382113822
Boosting_300,OBV_1_12,0.2032520325203252
Boosting_300,ip_crude_growth,0.17886178861788618
Boosting_300,OBV_3_12,0.16260162601626016
Boosting_300,oil_prod_growth,0.15447154471544716
Boosting_300,MA_3_12,0.11382113821138211
Boosting_300,MOM_9,0.08130081300813008
Boosting_300,OBV_3_9,0.07317073170731707
