date,actual,Historical average,Screening 1,Screening 2,Screening 3,Screening 4,Screening 5,Screening 6,Screening 7,Screening 8,Screening 9,Screening 10,Screening 11,Screening 12,Screening 13,Screening 14,Screening 15,Screening CV,Boosting 1,Boosting 5,Boosting 10,Boosting 25,Boosting 50,Boosting 100,Boosting 200,Boosting 300,Boosting CV
2006-09-01,-0.07563414699602822,0.012668644969371345,-0.025373801616645264,-0.030843791291421632,-0.022757527974614264,-0.01554040409706482,-0.015822222469238405,-0.03140493011921039,-0.030976398252290843,-0.03194507484777316,-0.029435167171775675,-0.025823147485736955,0.008585333386374107,0.0010980364123402376,0.004333630451449056,0.00772956886860679,0.004282218790361589,-0.025373801616645264,0.008864400310769682,-0.0011394615826094633,-0.008039382961625341,-0.008182972963427758,-0.006067668627412796,-0.00576688607128446,-0.004385879708329067,-3.7609247064778286e-4,-0.009936771904732786
2006-10-01,0.00272598862428674,0.011221058215840204,-0.027467982674119547,0.02879748218931371,0.027299254070541644,0.02744817946652008,0.022160951938851422,0.01675571720750682,0.017519234519264876,0.017697791194955726,0.01811435164877315,0.02988400003880062,0.025362173396241274,0.0017608566349320738,0.0024159169019697794,0.008990201096489266,0.017656854107258587,0.02988400003880062,0.0073521541268442275,0.013088602546366516,0.010881976643875572,0.016512007407608047,0.014040151803442888,0.012479272811237742,0.012004763399960643,0.007121017600884539,0.012691916033330291
2006-11-01,0.04216578670035442,0.011084040964363535,0.03631665230662492,0.07220381386816044,0.057856483702207945,0.057447843602802195,0.046562550818076476,0.03416096618223983,0.034103793649150435,0.034748974649462194,0.03257887202080605,0.04299682153471423,0.05602858635936818,0.032508998389099396,0.03144022980488422,0.03765629174734678,0.040367994101746824,0.03631665230662492,0.013607302098589673,0.02496151733612332,0.0350997675608247,0.0420884900583679,0.04467029170120754,0.043048890707720645,0.044178124745505025,0.04056536772826587,0.040724342557426345
2006-12-01,-0.1297627505287111,0.011577402007791962,-0.026260223822183286,-0.01013495697706146,-0.006033079897227503,-0.014518072081749846,-0.023365623435055688,-0.02484796866761757,-0.024708377331671243,-0.024495656108745142,-0.022727993254274534,-0.015488313811170813,-0.018100620385756966,-0.019743665109089245,-0.023085791862842212,-0.02979125305723839,-0.034229740923316404,-0.026260223822183286,0.0077936394247944355,-1.518635281736007e-4,-0.0031838290956347952,-0.01184523619703444,-0.014990317967996613,-0.017759428569410585,-0.018296659746514864,-0.021550799513864963,-0.00901097824801489
2007-01-01,0.0800169607781025,0.009368962124409103,-0.03024109023397284,-0.04192080170824021,-0.06782986778799015,-0.0436165170176495,-0.038957935175603524,-0.036246644779895025,-0.046575133516560924,-0.048000521746764,-0.050056398840545274,-0.06455200428087739,-0.06711678919653613,-0.10279951209766672,-0.10050789935169259,-0.09740755802517985,-0.09201231397200994,-0.03024109023397284,0.005407956888570908,-0.0068517504168718844,-0.01231100034073696,-0.032472297795123395,-0.04043851206990566,-0.04386567110991949,-0.05091988896249768,-0.0554071603923034,-0.0068517504168718844
2007-02-01,0.01419250892350731,0.010455854411389,0.03647057689593359,0.03456270527059555,0.009689432173793557,-0.0032292918406730924,-0.0021577231514625806,-0.001995714137269053,-0.005079441473630108,0.0057533895183489335,0.008075937289566794,0.0013286316428115334,0.004353328035413347,0.005263498281954437,-0.01744556875781056,-0.0147296987655222,-0.014039674776549792,0.03647057689593359,0.013057326659843459,0.021109143416034853,0.018177455185902087,0.018549793945172335,0.017190219884691018,0.014552194296966508,0.0069350607520942695,0.001415396009109114,0.021109143416034853
2007-03-01,0.05392322763483515,0.010512470388845339,0.035899344383820087,0.02370176507009844,0.028797976106723158,0.031042571558885283,0.03093652898517319,0.03081246257363706,0.029320238449431067,0.014000461476144747,0.015088271827972715,0.01659906464094064,0.016912314232458914,0.016936905546081474,-2.5289291660234026e-4,0.0020491192330329214,0.001530076908623234,0.035899344383820087,0.013051157788342815,0.020908649158527453,0.021662749117671905,0.02210201205911779,0.019923327611322993,0.018178791660136053,0.019215104802254135,0.02171130926830329,0.023468326696443605
2007-04-01,-0.01228522502324658,0.011160392138785485,-0.026157458715007097,-0.03489401668640154,-0.024326790869759706,-0.01908281038249595,-0.018101935424619447,-0.018125778156245883,-0.027158076282944126,-0.0273135608952934,-0.01452962535211574,-0.009587916452238585,-0.00868276949354212,-0.008836567363764387,-0.02447662417144962,-0.023387288657056624,-0.024369817689335466,-0.026157458715007097,0.0074286070534062285,-0.004121640964351109,-0.00822969618185191,-0.01408008870824652,-0.01919583170485097,-0.022916788458247322,-0.02304264205341582,-0.03848443446561662,-0.010459895844539087
2007-05-01,0.05925558042080681,0.010815603651108542,-0.02566202179744422,-0.024208177615655305,-0.028241664203960435,-0.018871111374116806,-0.01640875616092421,-0.016104093985545645,-0.013118322858475286,-0.016989193511413966,-0.019509835812635754,-0.013250496977267507,-0.014229536759067851,-0.01949075659619237,-0.034887534274766464,-0.03162853658944448,-0.028301124477866316,-0.02566202179744422,0.007167841106253268,-0.004122348746328294,-0.00984047366388144,-0.016375977496527982,-0.02224433735934556,-0.026163469906903835,-0.019912021549804985,-0.01871047912468756,-0.011175427057596228
2007-06-01,0.0919269501951634,0.01151763229994475,0.03634994146509546,0.023769761381055375,0.02213421448464029,0.023017252530591087,0.027192416432449063,0.027202725752827197,0.02550435376480761,0.026169119148965993,0.02611356602188118,0.02713461796803814,0.029126018390078806,0.030430767034108522,0.029990723522753397,0.03509888035524687,0.02329137366032256,0.03634994146509546,0.014000863216459821,0.02168671122616562,0.02091799742612819,0.02605439651695578,0.030527226990582818,0.04168703769342766,0.05335360774106615,0.05592181271744487,0.02211087127099174
2007-07-01,-0.02433997409018395,0.012666336841305015,0.03770547826338981,0.03388571465573976,0.02944331878564592,0.03300097945016991,0.028999650770975893,0.029058464234874605,0.027026783351843012,0.02673837945544436,0.027305500523050478,0.027553556623616096,0.02021926407360281,0.02026053105828727,0.019050441475107142,0.018902993775459807,0.012922467435907366,0.03770547826338981,0.015170250983513496,0.02292011564506296,0.02496349934490211,0.025274679203643093,0.024748971499857973,0.021242414168394924,0.011899212853146586,0.007417779453502727,0.023633538939075587
2007-08-01,0.09514387356776588,0.012145121194382637,-0.022733828617504503,-0.016231864626651667,-0.03335496162777221,-0.03349613411846758,-0.01959800644028055,-0.019032232184538228,-0.030433407159022482,-0.029586176019602613,-0.033612783524365204,-0.032676729835811505,-0.037701407730500285,-0.03836045284852922,-0.04769275863062782,-0.051546983077127864,-0.04879943305447212,-0.022733828617504503,0.00865722621319392,-0.002138157543083275,-0.008183721807348034,-0.01950652337161852,-0.027243673960883542,-0.03804940243093231,-0.0432964670062012,-0.04985460029602307,-0.015775425059634262
2007-09-01,0.06791437775251907,0.013297881644012959,0.03622820558830471,0.041257518831970014,0.04943513746864787,0.04335010103367903,0.04001991316699974,0.040175771950629206,0.039319441726622106,0.03440487579144789,0.036316505357696795,0.040390209439277555,0.041266245111566846,0.043290313211747276,0.046209548078587605,0.04514445192661403,0.04108874070585394,0.03622820558830471,0.015590914038442136,0.02268807860243988,0.02498232006345543,0.030225769815758984,0.030890641370796928,0.03366046841377455,0.028602460956165084,0.026266928659963665,0.026896356128259892
2007-10-01,0.09160573290531372,0.014046052823581536,0.03696509331305389,0.023894383556495747,0.024494784321114946,0.019769906162988536,0.021288125193550275,0.021487799687039587,0.020887523830634483,0.02095985057348087,0.02217011141365571,0.017622612135575918,0.016025440663679766,0.016664711615917403,0.01891249193371046,0.01924554445125957,0.017256216824155565,0.03696509331305389,0.016337956872528772,0.023431629094425362,0.021442740302405807,0.02198552526024738,0.021104708227415458,0.019219262244832037,0.012767035344550358,0.0088964521092843845,0.02272166641807913
2007-11-01,-0.03593340482324336,0.015094156608469808,-0.01880457187799551,-0.018027116683204693,-0.0016856259793036014,-0.01187315572044605,-0.004534738582555259,-0.007382672999274082,-0.006821329122920267,-0.00453737628407693,-0.0016519093732640675,0.013730546958559513,0.008633655307371852,0.00739182251539558,0.0063959990503778714,-0.0032501800998182137,-0.0038906111623981873,-0.01880457187799551,0.011704283759823277,0.001212288305977396,-0.0030763971081045004,-0.004124033061823931,-0.004168307851518102,-0.003616808105320768,-0.0031588702925252014,-0.004827874100160606,-0.003147995445893524
2007-12-01,0.01042176303878417,0.014413789122713632,0.03820692603105978,0.011100877811330519,0.005059022209023855,0.0017811982409096307,0.010595674884984885,0.010160257465887565,0.010215088428478122,0.008623032019385978,0.009835382546555763,0.008116185159612637,0.010972085928033379,0.011078494208422936,0.010291068559681569,0.015519955029241335,0.01753217918001464,0.03820692603105978,0.016793102813548247,0.024157316618050467,0.023388375184169113,0.017227553422772317,0.016802019596364993,0.01911626863759237,0.018015105828753146,0.016827419792214467,0.019292846342015533
2008-01-01,0.02328198205189569,0.014361262463714561,-0.019357114876229285,-0.017817984666117392,-0.0022430170365896358,-0.017021833677409372,-0.011756999986211502,-0.015594235507137106,-0.015027792437785483,-0.021375955211184842,-0.02030303652033402,-0.024434319173756838,-0.025630974478011347,-0.03260569426624691,-0.03266967188560108,-0.02811950742685259,-0.04492963228445257,-0.019357114876229285,0.010989424729720174,5.532497592341474e-4,-0.004707640453711,-0.008812021755068773,-0.015454859374012314,-0.030381771734562326,-0.047827484997733996,-0.05920249665955496,-0.007685960635741628
2008-02-01,0.0966915138749216,0.01447711596485977,0.03758947796456478,0.029676674920987123,0.03202041000805364,0.02398370512543205,0.028156350284036954,0.027757581412196367,0.028173306829253765,0.02866046164126452,0.029046150547778,0.031588272838592495,0.0298393206332692,0.02609260619653775,0.02701993422402552,0.0349798915933206,0.04029872155137658,0.03758947796456478,0.01678835216483027,0.02394185932735897,0.024958093513432186,0.02496005447065677,0.026270404261204885,0.02870310206084308,0.029515378334749872,0.0264853169621024,0.025515590500194568
2008-03-01,0.06311546614558905,0.01553114670729646,-0.01802464309722543,-0.014644008262203632,0.0018348844876874826,-0.018152041642132015,-0.019601570730985143,-0.014937708141763248,-0.013892830584167515,-0.011259741227309054,-0.01463411254422919,-0.019313639620137178,-0.007879070446403229,-0.012272794191398116,-0.009302156211625803,-0.00890156643048344,-0.006600177688348393,-0.01802464309722543,0.012175567726844274,0.0017897152244467115,-8.198566690535409e-4,-0.00577200505665539,-0.0087425231808533,-0.007876621669677964,-0.0031166809542371105,0.0025981350151427474,-0.00577428223229106
2008-04-01,0.10194449609481591,0.016133479864743203,0.038874304832181225,0.030770132421137693,0.03299917263373962,0.03318243999409373,0.0385673363111414,0.03848254436280475,0.029990770156427787,0.031186194866737148,0.0465142063290787,0.04717396320196669,0.04695055834935698,0.04256787824711928,0.04233499076308631,0.04255270850307731,0.045525083629981866,0.038874304832181225,0.018407562361487006,0.02544607509715875,0.028541946227868188,0.034489870061352984,0.04422972984546756,0.049012059085306925,0.06119409122477677,0.06796305886260508,0.032188366260086664
2008-05-01,0.05501152934713982,0.01720611756761911,0.040216223795216034,0.04421520806829938,0.042321902011089194,0.04256986531099811,0.04277103681066896,0.04268825705523158,0.043455095419088506,0.05690633198144265,0.05847012842695164,0.06213776897456081,0.06272121606129141,0.06270243705380997,0.06196669524958452,0.05442487568259942,0.06003644082309391,0.040216223795216034,0.0195071281903788,0.026628986168882318,0.030005649215323046,0.036342374612366564,0.040025439683271796,0.04541217682035707,0.052471546191383826,0.05582220086849349,0.034649527670800005
2008-06-01,-0.01093272110232668,0.017672851046378626,0.04052445932754775,0.04445670019840325,0.021499569119967903,0.021704688058513784,0.02629661018964347,0.026133446192787575,0.025198760856517368,0.04105224737987023,0.0388279742245745,0.040894126384173626,0.03928408937340133,0.03912855574180731,0.0328432174448443,0.026097407994122558,0.019903372265926804,0.04052445932754775,0.01995801187449554,0.0270308131536002,0.028396078082793083,0.031114291620548556,0.03490628733001183,0.0379474040734297,0.03920205681797052,0.040920045759323766,0.031195829445685642
2008-07-01,-0.13228819919024337,0.017324002605540758,-0.015565851908049225,-0.005168293152444013,-0.04399789607475682,-0.04501337138209014,-0.034059113615659276,-0.034406579666947656,-0.03207205607694902,-0.019005793670421798,-0.015816623499842936,-0.01711444708014557,-0.020808263884545007,-0.023126290525750198,-0.029376412642069062,-0.03031710159031058,-0.02697481067069416,-0.015565851908049225,0.014035017154181761,0.0038552782836805315,-0.003015770669748042,-0.011369878859639502,-0.01548175928239905,-0.01722897963322759,-0.017778426457864635,-0.019310071167371566,-0.008538487892158055
2008-08-01,-0.114756130648777,0.015521445957398778,-0.018998862122231376,-0.037756120366236476,-0.041347320490308835,-0.03190382207218477,-0.025610282176403504,-0.02569081310009954,-0.03677319655325771,-0.0406656007650255,-0.0390808389636922,-0.03519469412430796,-0.03845210267526937,-0.03832556016207964,-0.0561435889149908,-0.051661561927087915,-0.05167838773611585,-0.03190382207218477,0.012069415149435762,6.293321365489924e-4,-0.007622818481674718,-0.014860096549567537,-0.019997923456390877,-0.030485547960567638,-0.042183219694249686,-0.04916630229328246,-0.014860096549567537
2008-09-01,-0.29808479955837397,0.013970522426372877,-0.021734784080132692,0.005896915035748306,0.002263296980261162,-0.028004999394141212,-0.032621979337163265,-0.039216506620792214,-0.03689245815757859,-0.03580641166704135,-0.04041267236740057,-0.08815210866231266,-0.06476592037799134,-0.013360849678168418,-0.009930707540581755,-0.009046080359061268,-0.020549934265965124,-0.032621979337163265,0.01039999177572232,0.004483442087897567,0.003066981516959193,-0.006374040436212087,-0.010614096477246107,-0.01390107812391152,-0.013121099719187476,-0.010646633657843116,-0.011424622740700038
2008-10-01,-0.2723883938722653,0.010299283344199385,-0.02941117339897273,-0.4403679969540098,-0.42753593226711445,-0.42868881379777263,-0.4308615871430057,-0.40848585616436783,-0.407022732396829,-0.44165184005733665,-0.4703415028343599,-0.47076472669402053,-0.45279028981439823,-0.4095248796128765,-0.4109383462186652,-0.4106662763181846,-0.42293889252685957,-0.407022732396829,0.006328237669882174,-0.08975070276472809,-0.17609061225199385,-0.29670770718574,-0.35868750092197416,-0.36349245360399995,-0.3578467651055851,-0.3566950725372914,-0.36300372349928867
2008-11-01,-0.3237129023626548,0.007012217330054446,-0.19656607068163273,-0.17581199706462639,-0.18805800634669873,-0.10564019385420445,-0.10580167306260094,-0.1089462917445837,-0.11475270341191306,-0.11566410963935048,-0.1303826031489889,-0.13065676418762046,-0.12523946397562766,-0.12721923528774748,-0.12518892430738518,-0.12302029839834108,-0.15531797796352514,-0.11566410963935048,-0.013345611471114276,-0.055605820547711106,-0.09287513793819208,-0.10536750984975196,-0.1130287922040407,-0.11468318982148805,-0.11388595797768628,-0.1131568931700218,-0.11417414269704904
2008-12-01,0.01171871272967761,0.003210779172666983,-0.11495699875912384,-0.16155396513765827,-0.16786198071000058,-0.16969992094441538,-0.17399400680454885,-0.1767581348152599,-0.1777201740962977,-0.17810039586693208,-0.17484271363011128,-0.17547816852653939,-0.17772087420911584,-0.17777056067956082,-0.17520066415745394,-0.17517510439130135,-0.16607913947591763,-0.17777056067956082,-0.008605998620512098,-0.04164587333277208,-0.06869383025546129,-0.12275744381748736,-0.12159563673880736,-0.12341398048965493,-0.11243363340769946,-0.1036970686334342,-0.12199032783592988
2009-01-01,-0.06851027063543569,0.003307460235814831,-0.05101424312775255,-0.07693578582722035,-0.09106755620084558,-0.09256096437189798,-0.09588622036509385,-0.09764639460984455,-0.11041283843781094,-0.11141402685583623,-0.1099741225604988,-0.11156521374655379,-0.11533254326494942,-0.11525783810277114,-0.10335629249987521,-0.10246103799513762,-0.09223720364789688,-0.11525783810277114,-0.0021247101005419065,-0.019442946887211446,-0.03534647941233696,-0.066571352188636565,-0.06689842819120216,-0.06718909012763437,-0.05921609932773219,-0.05329046648993495,-0.06571796362945832
2009-02-01,0.2050713197426477,0.0025005194395086457,-0.038517992869397284,-0.0055066890405649285,-0.017216381520062614,-0.012533522874337611,-0.020160755648675414,-0.01686391357416369,-0.023631394542584182,-0.021483255122072466,-0.021419205385272932,-0.026978354494842212,-0.018257109717994616,-0.018052931479709676,-0.00572132101667398,-0.0035341287797477673,0.0037209315852059777,-0.018052931479709676,-0.0016013317913819458,-0.008308920092985651,-0.005379358173251474,-0.022203845844658086,-0.0454999035266132,-0.04830563907944654,-0.051745445441995996,-0.05531822347906804,-0.05024352759007957
2009-03-01,0.03404158573274607,0.004751306109543524,-0.09573265992898998,-0.050562765785835496,-0.046791667684272134,-0.05315123922488378,-0.05197180873746108,-0.05687877278604244,-0.04446151549940834,-0.06929552078408222,-0.06031866041522682,-0.05670927483487283,-0.031670564212469575,-0.030467015602488705,-0.02500910743627923,-0.02305266094991093,-0.01020377759082533,-0.06031866041522682,-0.00529709049430983,-0.015520902851082761,-0.028798006178801863,-0.04080920817694055,-0.04652314002496405,-0.03935909875509647,-0.02704758807358143,-0.012949973928815332,-0.044737871225712066
2009-04-01,0.17157698642876928,0.005073177314194101,-0.014947566611712544,0.018085803701895692,0.020551946906721234,0.01491226200151929,0.010533973052021271,0.049398699011669184,0.0561304634646885,0.05390486796628813,0.0604309113066358,0.06413147593527443,0.021342889011381767,0.023656925761279583,0.024390013206383884,0.05133128791471431,0.05252457031747129,0.010533973052021271,0.003071102921603437,0.006422298512349804,0.007944601286668226,0.016023991219786437,0.021594345326647803,0.031165108075237383,0.038193531360077845,0.039970463898028406,0.03050367994502723
2009-05-01,0.15702796579194844,0.006883001326309049,-0.005392504042456814,0.027688636036384013,0.030193232073868065,0.029628951480504172,0.029899398039135182,0.028548900892670318,0.06529815195294109,0.0671614405768496,0.06334616331603388,0.058939012766105,0.05854927454673254,0.06122420294594146,0.0621005916811983,0.08071189789467001,0.08329428725867437,0.029899398039135182,0.005655450789432463,0.010646966361722772,0.016750779072162637,0.023587692220995174,0.04186408901553978,0.06050063296101903,0.07608936650219272,0.08456945510017351,0.06074014979905935
2009-06-01,-0.0818170139831862,0.008497463309810547,0.012853563972502249,0.04405797766400643,0.0463317493522009,0.04606416270741928,0.04646862909752026,0.04568388514416688,0.04415312136632334,0.044071568319161585,0.07732761763536447,0.07670761763208814,0.08374725879012054,0.08549045789904916,0.08577681991657651,0.08397231296585478,0.07069152965829548,0.07670761763208814,0.008933073376079717,0.016782533560829052,0.025159753856649026,0.04439439730469413,0.06183834929459726,0.08357193320994388,0.09661016735558423,0.10331680002653937,0.059060938393531125
2009-07-01,0.09881690369058392,0.007536670998182923,0.01035625160703468,-0.0313849670251916,-0.018865733254251796,-0.019743029150060175,-0.01932918263152859,-0.04289719218788296,-0.019535864196381446,-0.01192207535376813,-0.0045458827143335335,-0.002485494616709088,-0.0026077966373453773,-0.0030040876339880807,-0.0021570151630454157,0.003757336578273901,0.00656396469484638,-0.002485494616709088,0.0078186290590681,-9.765512308693967e-4,-0.010760848281957038,-0.01839677262196563,-0.010252889569710478,-0.004725996924832844,0.0021090860021167365,0.007888638551323946,-0.004312871760742976
2009-08-01,-0.02528193065845307,0.008497515552839776,0.0203702926330279,0.048106895175738046,0.05065550534239756,0.050534254076826324,0.050924402937343426,0.05064963410653659,0.05048195883946659,0.04918725486345918,0.04806411835745318,0.048062060461636816,0.06149236794567618,0.062206665108722393,0.06706879307806449,0.06682690002519365,0.07006840591552402,0.048062060461636816,0.009684793260858589,0.018332594749839667,0.027168227546027206,0.04228421218218627,0.0623306988816648,0.07838990542092457,0.0926736268351029,0.0992936014298766,0.08014021218551802
2009-09-01,0.0840139419910444,0.008145646321472142,0.021407559882585428,0.048075256432359256,0.05047601167491305,0.05027538884532063,0.05058578898602245,0.05035948677727689,0.04939175914885056,0.04819370725728109,0.05221473208274377,0.06864827716483714,0.06864467755306196,0.06792126277744627,0.06580159613996604,0.0654014015724183,0.07085457187357377,0.06864827716483714,0.00947183767758347,0.0181339669562925,0.025570324701991942,0.03887377256683575,0.05466041975514397,0.06718604006932541,0.07391001950255277,0.07715655327237313,0.06515421135814986
2009-10-01,0.02619529045635404,0.00892779369950897,0.010430323918218874,0.038865652852430176,0.04156611165719963,0.041384112767716516,0.04180501118505364,0.041260455422014314,0.040670995449913545,0.039439394655079014,0.03937888597189401,0.046891580595223255,0.060154447086776586,0.06091060585000335,0.061038448916834416,0.05312518437686199,0.05696317878916064,0.046891580595223255,0.00907804672137996,0.015821571892475326,0.023112128209916705,0.031533045798894,0.040053683515133665,0.04551437341675309,0.05018191877962724,0.052397511150518154,0.04566217197114379
2009-11-01,-0.04670429477465099,0.009103992646007388,0.021837579834434684,0.04813571613128986,0.05047034088893714,0.05029402227538377,0.05060359179350894,0.050380900335987654,0.050270167679558296,0.04880437633478921,0.048700613577289095,0.05696279260133291,0.056706503554085,0.057118401107064856,0.06566233031197323,0.055404199876413894,0.057597559933510886,0.05696279260133291,0.010377351364850117,0.018892652075545864,0.0275316636899669,0.038272773924358135,0.04607948841203123,0.053084963775932435,0.0560932871413976,0.05735077009901444,0.052685184261681554
2009-12-01,0.04988578978074676,0.008540272571051243,0.02716170949230698,0.05162351794506352,0.05369074110259099,0.0534414177279518,0.05364423574427065,0.05359434391425553,0.053549117669554225,0.052105507149430214,0.05096566447864635,0.05100139495292093,0.05498098451148561,0.053157318116864034,0.05263305830322194,0.06425670392939457,0.06506328643379529,0.05100139495292093,0.010402416263176815,0.01964445733655983,0.027841088350125713,0.04154779977734977,0.0486822625749196,0.05359649009716254,0.058580019730372565,0.06227180668279086,0.05377052140548817
2010-01-01,-0.02412664394913388,0.008953727743148199,0.021211620678845466,-0.019634790630556825,-0.027466186606917672,-0.026777733073482364,-0.0254592565800707,-0.0502571996905812,-0.051525564343519945,-0.05983697552454946,-0.043561343093170606,-0.04422364157104086,-0.03831709734308117,-0.028329090986495227,-0.02454361255137615,-0.023738608332365525,-0.021161470391383608,-0.04422364157104086,0.010179517036717926,0.003565832913024823,-0.004498120517365089,-0.018024295515518735,-0.02764678549685793,-0.029906044823933997,-0.03880853281551295,-0.04029034874386914,-0.030768916392597385
2010-02-01,0.06073213636846697,0.008626199310551346,0.018518351573343486,0.04447679959557664,0.04672310926117602,0.04644498477866729,0.046703302994414254,0.04640968628361521,0.04540348195291658,0.04500167169056416,0.04763680578185916,0.047589940276923474,0.05804519294784941,0.07404207562220905,0.07277227517323935,0.07313080718971143,0.07843883956658156,0.047589940276923474,0.00961541453683056,0.017483675265930386,0.024079862630995753,0.03702840819424795,0.04491775044197581,0.049668935485141535,0.05452920411752841,0.060495035257784095,0.04957544465687225
2010-03-01,0.03711797276388307,0.00913704183072699,0.029147036923083784,0.05335025101066866,0.05530794302169015,0.05507710963506061,0.055273738018178996,0.05528224964111164,0.05539245354555121,0.05369510626228906,0.06172572560445179,0.061873585413020425,0.0668063977230478,0.07207999600882682,0.07238968121552884,0.07916700683170741,0.07802035184862958,0.061873585413020425,0.011138041339962667,0.020644838065495535,0.02998514025928998,0.043117354632920886,0.05035780766108755,0.05585984240661985,0.0623710547958871,0.06602040100359895,0.05854713396752838
2010-04-01,-0.1331979340388174,0.009408701354349864,0.022404271837537917,0.04731394902474964,0.04940339299131214,0.049143151653590976,0.049372547163593385,0.049182220912075844,0.04911887423734596,0.04827470822455571,0.03840540347780984,0.03831526191804023,0.02625984811728623,0.02301700682835147,0.02264762006216709,0.024655194732898192,0.03722417757720519,0.03831526191804023,0.01070825840266867,0.01898154313962904,0.027335905846939137,0.03965900044577013,0.048180789951302976,0.052213665114835994,0.051506075276561314,0.05019190186757474,0.053551667127380596
2010-05-01,0.02188469233562484,0.00803748370633864,-0.015306030409835464,-0.04944276645247106,-0.055790335161534386,-0.054880956341204434,-0.055426339537024326,-0.09821932925790279,-0.14009590332278604,-0.14121666484138964,-0.14117844754599984,-0.14109021107335085,-0.16970455382942287,-0.1637297315995299,-0.16737143530037252,-0.16806675323116887,-0.16630978585518205,-0.14109021107335085,0.00570313229472123,-0.006695634408636298,-0.017561865652941665,-0.0397596382044455,-0.047340964637560976,-0.05822844668419561,-0.07076196747171097,-0.08070907174427602,-0.0637196442334266
2010-06-01,0.01105631621477742,0.008169361883760414,-6.805532462525986e-4,0.025976948981195208,0.008370233670874293,0.010345994768131889,0.010676224047368121,-0.007148153232980842,-0.0055887043832744294,-0.005590201710906312,-0.009216369411330924,-0.006271343774673465,-0.0010026711335030004,0.010399065716676191,0.013977650683798613,0.013601773683580868,0.017480284925769887,-0.006271343774673465,0.007284370370759113,0.011478340972887809,0.014252821205632604,0.011778189571780751,0.012481903447468667,0.0127803591320173,0.01307666207867455,0.013231118201010085,0.013269949202171767
2010-07-01,0.0022017528792757,0.008196597301977556,0.012536615608332646,0.036808623392100406,0.039080628749378406,0.04336864270570492,0.043021758064874634,0.03188549572284715,0.05207036018548162,0.05179912522796357,0.05013595901944731,0.052694646141711605,0.07144192588704651,0.07998372218607118,0.08229403789216513,0.08247563401072208,0.08895217289637457,0.012536615608332646,0.008630599132613066,0.014971495567105383,0.020117893631855017,0.029299034703608284,0.0378031963694084,0.042477730592874643,0.047354920459751426,0.044338035541070485,0.014971495567105383
2010-08-01,-0.01952801862437336,0.008140570718587817,0.015876150022702738,-0.021745890130743635,-0.028089432326804338,-0.02734282669410303,-0.026436883790757707,-0.057774112535222175,-0.052714528389909296,-0.05501135362525866,-0.0556975351307307,-0.05643648756194877,-0.05997314975056504,-0.04641391412421332,-0.04837278215408751,-0.048337089481700325,-0.04098554429631096,0.015876150022702738,0.00891412864899931,0.002020597745459912,-0.0029041398096589883,-0.018509690497466952,-0.01851230333325306,-0.019096845390411496,-0.021833747957520928,-0.023804399348639496,-0.003321019907527943
2010-09-01,0.081218080147472,0.007884380076523362,0.017959836981680424,0.04123452493050857,0.0432799246052772,0.042909810384348934,0.04489588770617411,0.03215643997088711,0.039741945157234254,0.03671792774824259,0.03672850798528282,0.03755533138389389,0.029314630560281975,0.03303821839186491,0.0363431329472625,0.036297733085658306,0.039049991742920884,0.017959836981680424,0.008891925767039068,0.016159757040415137,0.02233701375555468,0.03252144621819878,0.04121308492637703,0.03198841876872282,0.016742874266230078,0.002107888985341536,0.021793391195101017
2010-10-01,0.02588104909114053,0.008557166315706377,0.025553536473910107,0.04775960841840593,0.049635196210333465,0.04933423145519451,0.053169140178362155,0.041964818456796914,0.038669139174755576,0.03857805091242316,0.04518683494550877,0.03243961097030825,0.035549555691624546,0.03555149346505478,0.04144437831393218,0.05483003116638848,0.054139958589812964,0.025553536473910107,0.01025680333152675,0.01869234227379854,0.026145234258205453,0.03869690844044822,0.05018442764091225,0.04746945430722962,0.0391638250148359,0.03585551619794184,0.02522937728258772
2010-11-01,0.0525232436378289,0.008714656159119415,0.02179076360401435,0.044233279260453624,0.046154540386738684,0.04582464788055699,0.04550795305673901,0.045466994628784396,0.04523608809299246,0.045400589493581,0.04456966778064935,0.04488673355180507,0.04491041368381715,0.04473404113351184,0.055451896747686434,0.05340286598717976,0.06661933494414315,0.02179076360401435,0.010022266903608908,0.017725552210189045,0.024396958745751485,0.036003797136755236,0.04433489289284984,0.0509643375102613,0.062137821092270985,0.07021068201898072,0.02369297286818571
2010-12-01,-0.00301347904316706,0.009109328118387069,0.027321911375435135,0.048768968332388085,0.050541330300526544,0.05024115119810327,0.04997020761139738,0.050107053802425486,0.04996574154444611,0.04921011293050635,0.054409406894321416,0.05357694127476552,0.05511041723651443,0.023853421036188063,0.02354407258404136,0.02525842281427406,0.025707909885718166,0.027321911375435135,0.010930586444091875,0.01946560460720853,0.027053894317036874,0.03965920586066337,0.041798374053420205,0.04548810497520559,0.04397269397181933,0.0412129692492632,0.027053894317036874
2011-01-01,-0.0098478809031608,0.009001088768730335,0.02673012224925456,0.047747139087233666,0.049470200970046924,0.049132044355428645,0.04883326944287521,0.04895855802059467,0.04881396734647597,0.048064686183278,0.046335557825547706,0.04660099897562131,0.09046854900723778,0.09152354078032406,0.0924764341384248,0.0891607220127249,0.0978395876030144,0.02673012224925456,0.010773992116782758,0.01912976462737968,0.026549163025826387,0.03885851224104722,0.03789291487323315,0.04120505684109605,0.05893095750359665,0.07164203937752738,0.026549163025826387
2011-02-01,0.14430253046606056,0.008834283727386165,0.02520280840433218,0.04591401115074474,0.0476069236801851,0.047223784724532585,0.04688735552067191,0.04697150713258163,0.04680878524888521,0.04572836780594354,0.044900517867610755,0.04385660425391441,0.04417864993871949,0.04387184402547862,0.05623159463460818,0.055124197934298735,0.060856187257406824,0.02520280840433218,0.010471136195080766,0.01849546586177331,0.025581611038605626,0.03637646891835036,0.04313295488001775,0.04747803707744044,0.053605071404961326,0.05903228290294404,0.025581611038605626
2011-03-01,0.05814652793982944,0.010022601681234186,0.019027254661560473,0.04116698731207684,0.043060728832855284,0.04272981312853539,0.04240362510463743,0.04223731151289306,0.04196036880376036,0.0412861326200615,0.04201479765905398,0.04223560483586146,0.055731763621218594,0.054628247684074004,0.05470822717227997,0.05234159468590199,0.05827483394316259,0.019027254661560473,0.010923066979266816,0.01776137869997716,0.02353410889060122,0.03398773226446081,0.03906035437704178,0.043500543782564946,0.052601781570807804,0.05895558064777821,0.04669020718630817
2011-04-01,-0.08524522076721164,0.010441070605221972,0.029276725773643146,0.049693569934353275,0.05133369825267152,0.051056211277644974,0.050813224365529194,0.0509825891052946,0.05087106509923556,0.05015841715138233,0.05013958160434916,0.03701834010225384,0.032393255963675045,0.03607000192591419,0.03476224679982092,0.034420795843831675,0.035168961130085274,0.029276725773643146,0.01232463612206409,0.020796491578790266,0.02835529036522754,0.04132030454278063,0.049820297371622184,0.055112120722231414,0.056962373239090223,0.0579236020884339,0.05562891566865789
2011-05-01,-0.04707706348460006,0.00961618878304582,0.026363121316040523,-0.013359167279501635,-0.019548456187144826,-0.022065579562273778,-0.02260794680046887,-0.02849293782320563,-0.027027482229448688,-0.027790040246733504,-0.028174031627043124,-0.026076942461137786,-0.013442546996553785,-0.015674205545306324,-0.015947442390784012,-0.01557706369391585,-0.015384078150235719,-0.026076942461137786,0.01129088203634529,0.005747941487224954,0.002353519738357459,-0.011649279719481044,-0.013959928836852946,-0.015177350023978693,-0.012235433084116863,-0.010840569465312994,-0.001867143100400369
2011-06-01,0.00812951479833268,0.009131631071356538,0.01787110289913021,-0.02075868899649926,-0.026790549757387365,-0.025452754694060227,-0.027431679787225438,-0.04317286957483065,-0.04189850847727579,-0.042642175120300434,-0.0417230934461268,-0.046983015762049135,-0.031685697192311624,-0.028073186914139313,-0.030543735259507286,-0.03040448955904789,-0.03056089738675684,0.01787110289913021,0.010005578254133906,0.0031346730441916904,-0.0049983536336388155,-0.01736432198093428,-0.0205428615846719,-0.009941785809561444,0.006673008363746658,0.01761258407644717,-0.010207564499929602
2011-07-01,-0.1227713242334394,0.0091231385605682,0.020459430669578962,0.041982696725480634,0.025096170185107597,0.027198577604204847,0.025998022137034886,0.025315056274124927,0.02457809084554453,0.024215439206714304,0.02349900102901315,0.03868186430173127,0.02554481335750159,0.02350127112151969,0.02650655385726957,0.02622740372144735,0.026181958371155396,0.020459430669578962,0.010256767771469277,0.017396782014428253,0.02353716690532492,0.024678396977057204,0.021319820659787277,0.03240549844432178,0.04209289740780023,0.045367415516760164,0.02693696581443913
2011-08-01,-0.01159608898652475,0.008014781730366457,-0.08021951411944546,-0.10192370270559965,-0.10708741373375613,-0.10685114237157975,-0.10545782105307007,-0.09991450773683365,-0.09933576169919864,-0.10328289156390412,-0.09989572515009097,-0.10968265459955094,-0.12085740957354167,-0.11845862478289879,-0.17482214543776534,-0.17975690145658238,-0.1817593226151522,-0.11845862478289879,-8.086478546147358e-4,-0.0236973617321503,-0.04441895740578754,-0.08005291824638625,-0.10116939722198047,-0.1134186785741815,-0.12238665179034022,-0.12385714952228913,-0.041719493979427216
2011-09-01,0.00863607455611426,0.007851357807725697,-0.008619369757830165,-0.04020057901775375,-0.04713504899420097,-0.04655682096846965,-0.04354352733103218,-0.03545637755233241,-0.034700414099505084,-0.033684961471042676,-0.031104422918372628,-0.03011945553596909,-0.037381654165758976,-0.02626356608913066,-0.07332906960907036,-0.07362420880037426,-0.0750556849037254,-0.02626356608913066,0.006204285051170111,-0.004387912894491704,-0.015584602638816747,-0.030615189525801695,-0.024758095403841805,-0.008996481121705658,-0.008116563838714001,-0.013968281554765821,-0.024661654189378386
2011-10-01,0.11645163830359716,0.007857843070109073,-0.010285802606678498,0.014722137185738653,0.01825290507400457,0.020927170322886525,0.024764293571713846,0.03826773307661468,0.037184177151893025,0.03966174366129775,0.03776800114498985,0.03897885340497724,0.04112769018540308,0.0373071086882754,0.041516190181742955,0.03879555488570736,0.038510123992401,0.041516190181742955,0.006043478502430316,0.00799856652371254,0.011083662952520681,0.012181662777469215,0.015473088533458045,0.028036286749686834,0.03183798645914101,0.03074269628030696,0.011330481476548901
2011-11-01,0.01406871540927001,0.008747956145793401,-0.010754868817648797,0.01503684705682469,0.018681587800371657,0.01729897047195703,0.025925668537052672,0.011793655039006132,0.011278194022549324,0.016708293864547873,0.021181395787831875,0.016057690964072766,0.02415500259945531,0.02445593662494361,-0.027736316761118186,-0.027511825352784593,-0.023998719296061927,-0.010754868817648797,0.006797673649449181,0.008762517655234735,0.01185341794895512,0.013792699267303404,0.020908268647263684,0.04045229450660908,0.03422220063263032,0.026844605916882924,0.010832598281468517
2011-12-01,0.01448055559336225,0.00879121435118752,0.015675689924446744,-0.020278331626050496,-0.002190237525066063,-0.003971569061013637,-0.005937195261241316,0.016911588429164202,0.016991196838453414,0.022425835442291736,0.023045983680009492,0.04189539948677033,0.04489728694404797,0.04492765810800018,0.035160113744720334,0.03727657060274932,0.04578853003167131,0.015675689924446744,0.009479661908513442,0.0026090828514227747,-6.998756259395324e-4,-0.0013692569600821964,0.004071317922075984,0.02117552995769887,0.03895614578169391,0.043639892317868065,-3.387710942222135e-4
2012-01-01,0.01692996519690215,0.008837096135398606,0.026896470549399958,-0.010127943953814153,-0.018635478525736732,-0.023911655960704065,-0.02511692485161667,0.007408218753885653,0.007229722140616873,0.010289337742495233,0.010332004035860199,0.00875947288461923,0.008490892547558594,0.00875927690491092,-0.009616103082435493,-0.008735179905931298,-2.9223448265734003e-4,0.00875947288461923,0.01064303357679874,0.00591615651661644,-7.418216025810121e-4,-0.01091056124686692,-0.010102021981220186,-0.002130232804288909,0.004994047511573365,0.002135570137876284,-0.003723208226686505
2012-02-01,0.03592443012294932,0.008901839087890636,0.026922949754509873,0.04631708075992862,0.04867509505452642,0.04800739257484826,0.04706808816534901,0.04711934206336698,0.047970492290255067,0.05229941395477275,0.0517926975684132,0.048195588476925295,0.04910565452476659,0.04856318612718845,0.050775355520681104,0.05400651317856598,0.06034166806982181,0.048195588476925295,0.010703950154552559,0.018753207969981204,0.026558367281912288,0.03710668939417067,0.051821555805344095,0.07143290524494594,0.08295944831338753,0.08559604383452135,0.03107818594100833
2012-03-01,-0.02877583256238658,0.009116304096105386,0.024183194001655542,-0.01174743380204863,0.005811547694160675,0.004632393698174021,0.0031354236032706596,0.024705791759750986,0.02477514855627717,0.025098140443929166,0.025514902865771565,0.021527008515442998,0.02129247695679876,0.021448794310835437,0.012203061026070734,0.012932599455320971,0.014644084100117194,0.021527008515442998,0.010622993086660402,0.005633352333377289,0.003627037499560135,0.004974219509830719,0.018779730126733313,0.03593437223157954,0.041701112139142266,0.04229432211933426,0.003627037499560135
2012-04-01,-0.08546912197925538,0.008817940815329859,0.02115684406450931,0.04164309906135806,0.01978667663617978,0.015849645061795394,0.01499292487466297,0.02432987960930249,0.024355643959963154,0.026734987169194455,0.02585900970038619,0.047958706906643465,0.050049297393241474,0.05035869926067155,0.04608690389734628,0.04502993119010935,0.04554919373662565,0.050049297393241474,0.010051831140247804,0.017192108740086212,0.019434988751909306,0.01720109603012903,0.02793147478262386,0.04322674380514326,0.05175015363573828,0.05277335619130686,0.020084933133566674
2012-05-01,-0.13909371199750353,0.008081323137247163,0.020885016857243387,-0.013826482652587714,-0.02337121701651725,-0.020358131069266056,-0.015202838997652526,-0.007072230245776745,-0.007409554800973744,-0.006474918575874491,-0.009863658157522012,-0.009048457542567962,-0.014847622244334079,-0.016640632448402536,-0.016702843741883668,-0.018056613534381538,-0.018087948127920583,-0.014847622244334079,0.009361692509246785,0.004184515638151785,-0.003405743804596832,-0.009797600164453465,-0.0038464912631879554,0.0065083781228484315,0.006635477779714456,0.004715030205904193,-0.0027343861461890033
2012-06-01,0.06553992877760573,0.006940431392016537,0.009437968941019954,-0.02500865495834345,-0.034554123660717556,-0.0323710707035475,-0.029101323389402883,-0.022137685668099833,-0.023123239529835436,-0.022307895750349204,-0.021314776859908312,-0.025087792715171597,-0.02603757662683165,-0.026342007783029964,-0.026366676968839774,-0.026407422529634288,-0.02643991192678066,0.009437968941019954,0.007190185146916879,-4.5520440358346023e-4,-0.00935399436647433,-0.02181133898361741,-0.016049995729695763,-0.01533382502570007,-0.014546714372793906,-0.01421769670618027,-0.020847939191720056
2012-07-01,0.06268428312487462,0.007391196756521069,0.019747780935626146,0.040292311606018025,0.04352832773244597,0.05152589342494363,0.05621180887560376,0.07080798351860781,0.07092991783586905,0.07219284675816612,0.07118127674041275,0.06894257403972485,0.07109968562533249,0.06714271197020187,0.06973259027470569,0.06994711355645597,0.06999621389292307,0.019747780935626146,0.008626855174431576,0.015778173378378328,0.022878304682058034,0.036027316409600475,0.05391090150325723,0.06348568010734104,0.06657932989354919,0.0695522761259817,0.032541165818509424
2012-08-01,-7.310764156227556e-4,0.007813281385287127,0.024389529325121926,0.04417259853919181,0.04720920202638869,0.04608402335775378,0.05485078359999862,0.04380982896845084,0.043817948555773915,0.043885724809848724,0.04781230530534959,0.0526374195261533,0.042414105939517305,0.04478792805585687,0.044786025623498316,0.08282271607927924,0.08468665215777704,0.024389529325121926,0.009470906179270606,0.017307023845137444,0.0249244532015665,0.0399018555078193,0.05479595679999368,0.06111536622757035,0.06622717752647768,0.06884024322593167,0.026504524182996408
2012-09-01,-0.0572719265665973,0.0077485514019469005,0.022540237008618777,-0.012742269210160105,0.007519728686146157,0.00540034257841388,0.01150733049617643,0.019438892141181593,0.019504888654673636,0.02141443918556504,0.025232124834183425,0.03705839388682351,0.03502480763962146,0.03289810550197597,0.03288085333786188,0.05440406993016533,0.0543966388497983,0.022540237008618777,0.009227719962614088,0.0041995601472041375,0.006802546204944502,0.008608882862122129,0.022642580324328927,0.027139168041974256,0.028034161232848166,0.028175884740850043,0.005936589215535389
2012-10-01,-0.03195495640204182,0.0072596756277473196,0.022356981171324238,-0.013287115506013216,-0.02232275530467024,-0.019087987229698344,-0.0170043051438315,-0.01005377806520882,-0.009977607981316278,-0.009724504252650222,-0.005201480673135457,-0.008884881494105934,0.0046500516663535545,0.002355072707830301,0.00654331580065167,0.007005301803572256,0.006925605196245535,0.022356981171324238,0.008769406182105012,0.0037885250233390885,-0.0030755344585090957,-0.012419954614973595,-0.006861525914038947,-0.0024703575948137766,0.001056146952283101,0.0036568985270106704,-5.785112646510674e-4
2012-11-01,0.01537455286463274,0.006967029120062326,0.016845614669185778,0.038349309577969434,0.013868492423555683,0.017795668294323358,0.015726359311307104,0.015226298486621841,0.015497684146395055,0.01848904349353368,0.008210505620237651,0.008787222595153217,0.00791678699682342,0.034400345118470614,0.038759236178940656,0.041884199696967904,0.041768688085501854,0.016845614669185778,0.00795488767497467,0.01476452613896652,0.011732914712186723,0.01605654042939023,0.023760605565911856,0.03138364257552051,0.03910358041671991,0.04461289267130464,0.015291552860567098
2012-12-01,0.07362391097647114,0.0070293070737258104,0.021361253561127655,0.0418565735409374,0.04496283477015192,0.05394326762884914,0.05172314901513956,0.042841418649714844,0.04323362826200241,0.0461078118223852,0.0495048154746924,0.050817553578041005,0.043629528818736094,0.002086065989524849,0.003877239790803914,0.00381440506306379,0.005066478177507404,0.021361253561127655,0.008462501722465994,0.015951700673538047,0.023405151052442334,0.03658141036479637,0.0523309620705139,0.0645041314916953,0.07021496505739559,0.0699611713135874,0.02701241879353802
2013-01-01,3.7211980999440897e-4,0.007518973278893056,0.02253743421494525,0.04287137860665749,0.04592836657030064,0.044473283420731494,0.04406686439769707,0.04403711409170903,0.04546107016627272,0.04332360474816673,0.044867920231621616,0.043927948591339916,0.023953486816711084,0.02346173511611925,0.02150009187644104,0.02063037571187049,0.02036845077855362,0.02253743421494525,0.009020819372498275,0.01661996998576856,0.02415316163493073,0.03564455366053603,0.038823953856621726,0.040674772334588556,0.039621135677076494,0.03875008991314603,0.02560664436165458
2013-02-01,-0.02236473331875022,0.00746680646525146,0.02050114006265938,-0.015079903127814834,0.0034471613725598448,0.0011387146036839612,0.004214427468812627,-0.02177774739831695,-0.0217268860440082,-0.023612304431384852,-0.02224054753915681,-0.02736556857999834,-0.022465154899951278,-0.03503367833457617,-0.03402010203466702,-0.03375485862378794,-0.03282480480658018,-0.02736556857999834,0.008770239824992252,0.003411178276062362,0.0014674173544051605,0.0019057767614858146,0.009909683098579262,0.014834582015328222,0.01706025140887071,0.019009717055123977,0.0024009586247093675
2013-03-01,-0.00785801679516851,0.00725063588710652,0.02408023124421428,0.04407693966719964,0.02041562431713518,0.013081018577988827,0.013013821235390806,0.020603909921219903,0.020641735064657947,0.024557619531027683,0.026410709276499116,0.040829547062088814,0.04032434479535066,0.036198303900779105,0.03805626504141619,0.03853373737085154,0.03798789051151228,0.040829547062088814,0.008933595422817296,0.016806991850859283,0.019569587924611744,0.019279590042012573,0.015027142643871403,0.01306672884957787,0.014978113213875674,0.016986930693657795,0.015501708435179997
2013-04-01,0.02628563452885357,0.00714194054406857,0.017593201482770812,-0.017217866985779665,0.0012765458418108559,0.010793150235940019,0.008834398459678483,0.018328828211829813,0.018329715489440727,0.02085525653345464,0.024091795847862287,0.04133980873074124,0.03877578668984209,0.019807854681195898,0.02165303772375432,0.02190429514389599,0.017563026853103722,0.04133980873074124,0.008187066637938795,0.0024935633819245366,0.00408144696278016,1.6753492671785805e-4,7.779608731484068e-4,0.004257866250217917,0.007450194418186737,0.007243928151661349,0.0016832486290348733
2013-05-01,0.01086625500460813,0.0072786812153884635,0.021133381813591912,-0.013435802110253511,-0.02335917961576999,-0.019563602358532727,-0.02094132407983735,-0.0046098783367275326,-0.004679371219485872,-0.005787239658345253,-0.011887665575144035,-0.011852661740242685,-0.017312290485541757,0.01891958325854721,0.01869274223206704,0.018680863456447122,0.016438603315626046,-0.011852661740242685,0.008664151275208809,0.003701616827897831,-0.0034812040638300553,-0.014772761980364865,-0.021314166390773066,-0.02156695218268327,-0.022802208603611398,-0.021866526216992182,0.0026260313854064667
2013-06-01,0.0869075213460686,0.00730412500112761,0.014647385849111228,0.03578256487874958,0.039406464339558245,0.05065949241922059,0.04975585139353549,0.07280885290097089,0.07281503079947647,0.07432322050510602,0.07122727624506671,0.06309557863556031,0.056982145136458724,0.035263953646075194,0.03277896154386188,0.03268590492566998,0.032488073735275735,0.014647385849111228,0.008038451085925971,0.014239614467162416,0.020501320970664687,0.030265210729158106,0.03155627436406166,0.03496135780277004,0.031302769691672776,0.025497920277753622,0.020068374190932325
2013-07-01,0.01560505673470125,0.00786471229933142,0.024265139459050584,0.04405429519685486,0.0472981149629662,0.04534723896671557,0.045233970387371376,0.04561698564281206,0.044940681558579484,0.04487009295759425,0.04454206592047138,0.04772176419639029,0.04960204350568402,0.0509607524612754,0.05018917311632593,0.050275191599643665,0.049987126728626784,0.024265139459050584,0.009504755015303337,0.017220094139530788,0.02466432890162087,0.036518990843715265,0.03748610103814455,0.03788355199659449,0.03889948435330474,0.039341448183947574,0.02104305090536697
2013-08-01,-0.00300771235350527,0.007918840582096244,0.021837904810857102,0.041717964162539777,0.04499899984498411,0.042988397938440136,0.042854057474661936,0.04285289015785754,0.04252410538014308,0.044676065100872145,0.0444637276506354,0.06720535087137058,0.0709294924264286,0.07356975249276104,0.07774941058614815,0.0781603137502824,0.07772049997951633,0.021837904810857102,0.009310747004972331,0.016560145157140976,0.0236311852915298,0.03488311779358289,0.036113177431991626,0.03859861619362101,0.043956916874520365,0.047595340935075434,0.020341114430464286
2013-09-01,-0.05615063714455148,0.007842961742265677,0.02336344826634043,-0.011311279018003259,-0.020892255488831044,-0.03137793259726777,-0.0316269425600345,-0.03147182343827243,-0.03861774236878929,-0.037960268695646886,-0.04040560683114524,-0.039986984966855016,-0.043228514071853505,-0.043767465658418034,-0.04358353650563733,-0.04350408230837709,-0.043751031603265,0.02336344826634043,0.00939501039467315,0.004741589694339002,-0.0021494634349458223,-0.012988955576964965,-0.021044192649207955,-0.026276907528784577,-0.029347262954786298,-0.03102768184585591,0.007842961742265677
2013-10-01,-0.07059413834373496,0.007401626577529008,0.018585879862599398,-0.01568835935209267,-0.025092160180619678,-0.02029204931434945,-0.021131145535741958,-0.02105886872382099,-0.005192453735843212,-0.005111792708848678,-0.006793444573535637,-0.010021744231070237,0.021952197294198932,0.02299072183510578,0.022918670677764083,0.029388304919392743,0.03361456032035459,0.018585879862599398,0.008520051906036047,0.003142493972701824,-0.004391153233123879,-0.016151058190630764,-0.02066943436831766,-0.016772652162556384,-0.008693758016099952,-0.0015691375546052465,0.007401626577529008
2013-11-01,0.03673983337794206,0.006867409009575145,0.021876252711601867,-0.013395487383077966,-0.02300411879908134,-0.01839998987358774,-0.01972186727780278,-0.018630918039504046,-0.005448698316463888,-0.005301469229902016,0.012798654105733286,0.00858587668307988,0.0019272149279814903,-0.002757305259821886,-0.004771954299577689,-0.005049441026127744,-0.005236450879762074,-0.013395487383077966,0.008368293379777817,-0.001017399398782475,-0.0035957498708122926,-0.014322151475779176,-0.007138921520805219,0.001760197245100504,0.006361506044023335,0.00845925659634059,0.006867409009575145
2013-12-01,-0.03373719475215209,0.007070622780788525,0.021503087301659143,0.04205114115135573,0.04529266776163994,0.058899990147856865,0.05823042866123584,0.05704692137730335,0.0792998429730713,0.08195337528415637,0.08586563918830575,0.06348680049779959,0.05522170656980777,0.05583959705667104,0.055797162562812606,0.05330341110565025,0.05355664842859792,0.058899990147856865,0.008513869232875587,0.015938931622891138,0.023201772991206456,0.03678949998402124,0.05131718615155749,0.06177421607518139,0.06286755485987863,0.060386550379795456,0.007070622780788525
2014-01-01,0.06236770524378121,0.006794894283944332,0.018165580212380177,-0.01537413103747011,0.003404023609725342,2.807988015054155e-4,0.0027311533231175467,0.01131922959275464,0.01115671937383143,0.012788173255882588,0.01015169961041015,0.017708617660407627,0.0362980288727402,0.03421513975077024,0.03400154333720799,0.03398713569450608,0.0342526581446742,2.807988015054155e-4,0.007931962876787916,0.002781752910303879,0.004898908190254862,0.0038857510769451653,0.006312529125625096,0.010148564030662294,0.014403485441585826,0.020076964324367962,0.006794894283944332
2014-02-01,-0.00223836615746542,0.007167866169580821,0.01877774736155087,0.03898913552942082,0.042434634162680694,0.040689421737381354,0.045108620858089594,0.06680015655051622,0.066886439746083,0.06721077509896786,0.08234379154146455,0.07963375329037936,0.05537004120500684,0.055622213321927974,0.0558166216913563,0.052800701376938985,0.052822610000868284,0.042434634162680694,0.008328854288777825,0.014877822260207016,0.021881270399879225,0.034470810612166225,0.04207383810212302,0.044891232767044695,0.043664848212372674,0.04584475153646842,0.007167866169580821
2014-03-01,0.01065804661057612,0.007105157954067179,0.0206043990122039,-0.012049717057104555,0.0072981818991542935,0.004440153078473725,0.006932367965221967,0.013829256005524187,0.01371243823469057,0.013653980941982693,-0.0061066564335482115,-0.010970458831952737,-0.035514062891424586,-0.0357472588103463,-0.0363721285838956,-0.04490295680712565,-0.044941745796332526,0.0072981818991542935,0.008455082059880851,0.009087392008735587,0.0067907121675738575,0.006534228517047483,0.006456603804981049,0.0021978963954115095,-0.010348793545518375,-0.01789025861034668,0.007105157954067179
2014-04-01,-8.240859944961265e-4,0.00712868701801757,0.017972097933138736,-0.013813830071527491,-0.023916453352583612,-0.03233128993656933,-0.033018629176775574,-0.012009013504058107,-0.0126502314205744,-0.012660218269215439,-0.02378922332544011,-0.023325943979277338,0.02135204821915168,0.02118026076615541,0.02106145488621319,0.013720069746260031,0.013690254851917978,0.017972097933138736,0.008213028109529686,0.002871902667568813,-0.003946891912921431,-0.015337934347859919,-0.022728114740402722,-0.020463919218624133,-0.01992373000548713,-0.01722301084154397,0.00712868701801757
2014-05-01,0.03339977281723483,0.007076366142935242,0.021956060458145618,0.04158332440666218,0.04477049981522252,0.04322629340866263,0.042843415945953846,0.069155096916174,0.06905950076224723,0.06935382085518718,0.08310463618005923,0.0817484457071505,0.07835727260879553,0.07883800791589254,0.07907208191322618,0.07563794331676292,0.07557549484556175,0.021956060458145618,0.008564335574456279,0.015590883671657448,0.022949164433265702,0.034266454172083946,0.03852339726375859,0.044138652493022845,0.046922892288938776,0.050064867628447036,0.01111930787298917
2014-06-01,-0.02214004933142321,0.0072484145525711875,0.02342532476134965,0.0426676037347962,0.04575105625677868,0.044248600716456615,0.043880773403730366,0.04480745428238902,0.0435002107821472,0.04389447593845357,0.03702124936991167,0.036581895268919175,0.03738680643026356,0.03742018308207665,0.03731277465192932,0.023443809246106298,0.023941797910108233,0.02342532476134965,0.008866105573449034,0.016077525630053338,0.02356048530323657,0.035105789999535515,0.038944388559728295,0.04264153597517508,0.04195909703956783,0.03914520733416243,0.011403990062816092
2014-07-01,-0.07032335568870307,0.007057580371506289,0.019661180509431293,-0.011890923617096833,-0.021674490400519195,-0.018025804381405355,-0.019728667854934327,-0.019896179364838337,-0.008923925616229539,-0.009196199501952258,-0.006097260983137065,-0.009121409971924592,0.023615285610158715,0.023601859679390276,0.02368955186177394,0.013026941420411706,0.013403727830189047,0.019661180509431293,0.00831794038529879,0.0033822590072169955,-0.0030735072932330156,-0.013757822946571716,-0.012891562968600612,-0.009586838398549374,-0.013528564507513446,-0.01589558341317945,0.004808506088207201
2014-08-01,-0.03517400660156866,0.006558348525956551,0.021055318714060876,-0.011168725684374908,-0.021105857331976084,-0.01769968167559812,-0.015296086477270935,-0.011521774214790784,-0.012017531640542296,-0.011623655052916139,-0.01492343942133683,-0.026283368848234474,-0.027541441419445662,-0.0325025426071462,-0.03244461265390804,-0.032746163325399535,-0.03296997747705979,0.021055318714060876,0.008008045544766983,-7.100479121350169e-4,-0.0030805083657576356,-0.011604371897130308,-0.010102273351627424,-0.011474610713279864,-0.0138885611858551,-0.016198702286452208,0.00448186976402659
2014-09-01,-0.09908967698037152,0.006290833428985235,0.019724771170359753,-0.012368495910149872,-0.02215530285331093,-0.01891133167373798,-0.01679451797091269,-0.013198566181720026,-0.01437404363141987,-0.016045890218987502,-0.01571964946826964,-0.007114305849817104,-0.00816246799943457,-0.011336545896813694,-0.011288722313429835,-0.011180433900684093,-0.010925575395139856,0.019724771170359753,0.0076342272031226874,-0.0011336693581140232,-0.00369708622740874,-0.012504354550763062,-0.010240184023376694,-0.009872734510762517,-0.009005664243714212,-0.008643830521785495,0.004123394748121324
2014-10-01,-0.1057166091934314,0.005619619986887422,0.007936691667918756,-0.02317961502910386,-0.0326715918158719,-0.029984490247313093,-0.028821663375895642,-0.025545863403335724,-0.028466089812498666,-0.02889720315726202,-0.02980479974363239,-0.03272991369686802,-0.032590253342581185,-0.032126391843722055,-0.029883220882869665,-0.029533749698430797,-0.027381133086858273,-0.029984490247313093,0.005851327154990555,-0.004092884518819261,-0.011611340199673857,-0.022921433099217115,-0.020436981058649852,-0.021267622341327844,-0.022437629396959348,-0.022255345689216242,-0.0011438699437198406
2014-11-01,-0.24243632344653765,0.004914960308530974,-0.03161796283276733,-0.01279181005970036,-0.02303896798987767,-0.02040241211082474,-0.01983040015226894,-0.016626636676805202,-0.019695163447745623,-0.020529601858779042,-0.023345255469255255,-0.02349173526166573,-0.023444077013094432,-0.026335064885726296,-0.02394434752804071,-0.018288301782828267,-0.020510153255770033,-0.02040241211082474,0.001261667994401144,-0.0024499290545468228,-0.008113971982776337,-0.01573335042890397,-0.009615778776960397,-0.00845321746708543,-0.009500784566252096,-0.009301118472786826,5.283350004638696e-4
2014-12-01,-0.22123243256942215,0.003359291857241234,-0.0346733013923872,-0.04656319858776438,-0.034781575900818984,-0.03305850882452812,-0.03444400266265278,-0.031640169377169035,-0.03454070461081528,-0.03552418549958105,-0.03857603437381209,-0.038530920107727865,-0.036597930096560566,-0.03868122826390759,-0.04054159357668749,-0.04029370760736595,-0.048400913541341024,-0.03444400266265278,-4.439674677216075e-4,-0.006326421316590294,-0.013875424342614743,-0.026297876255763134,-0.028901632253014547,-0.030860452805827228,-0.034031397701005946,-0.0361432261585541,-0.01562425044554141
2015-01-01,0.06620727269595461,0.001955593579574588,-0.0373384318377734,-0.04965404381415861,-0.03927510984249075,-0.03813985778399837,-0.04090179578477009,-0.038362499321241396,-0.04121190407398282,-0.04231612322739028,-0.04554581155430329,-0.045504143236174854,-0.04369828385785576,-0.04572057378861615,-0.04559074362239952,-0.04543412080299792,-0.04328463844708394,-0.04090179578477009,-0.001973808962160211,-0.01226413548976778,-0.01917222228162125,-0.02999266074435882,-0.036728845404999357,-0.041421671198988264,-0.045576744547290875,-0.047933039493705816,-0.027032300007414946
2015-02-01,-0.05880260880822252,0.00235467233185024,0.03251761334862302,-0.004126096652837308,0.007503386313086353,0.00950049416138071,0.006699845826349391,0.018659174723990993,0.010832490601198992,0.011767031138621313,0.013085771227243873,0.012973031041825591,0.015822558971690583,0.013712508081076366,0.01505610752167512,0.015100501840300882,0.007292882407876587,0.006699845826349391,0.005370966433527518,0.0017902547939862485,0.003900004715650646,0.006244087272459773,0.007638595220842576,0.00868245122072266,0.007680142559252511,0.005692127963688653,0.0033803121395622796
2015-03-01,0.12879695145640913,0.00197715825073868,-0.0402190959479465,-0.048178976855057884,-0.036185588766157635,-0.035039407932420934,-0.037601186963787094,-0.035583632874336905,-0.03818247607503345,-0.03915491358263685,-0.04212506010134906,-0.04207903376647329,-0.04035844548606911,-0.04218466451547608,-0.042009550702590194,-0.03931630968246986,-0.03747401615111352,-0.037601186963787094,-0.0022424671691298414,-0.011594627753560814,-0.015170558227351043,-0.027530885764272803,-0.032057587188052995,-0.03429259926342617,-0.03507151168598096,-0.03574316012468068,-0.019540622740511628
2015-04-01,0.08152810671672395,0.002755193791877762,0.028829320013538353,0.03701087352683065,0.043320645044592355,0.04249134299121972,0.03960568740170096,0.05225574508656068,0.07095395900256557,0.06981876419396807,0.07212253966797665,0.07205885813522082,0.08075751068510438,0.07983414235402596,0.07986250865774426,0.07255431439921671,0.07373777323831751,0.03960568740170096,0.005362606414043821,0.012841736574628901,0.020295903783895036,0.0334243771983939,0.03963145026253602,0.04492110766874542,0.04772380927974567,0.05203746855181662,0.014836967512892704
2015-05-01,0.00647268023034008,0.00323551643166341,0.02935630788057022,0.03752519884232554,0.042607830566675275,0.04180182823870964,0.040086975913045005,0.033090799620446795,0.06267213846684308,0.06168515290027458,0.0516354624787404,0.053769357372757676,0.06246537079675403,0.06077829054325176,0.05668969524562539,0.05748192297174335,0.05765757893653824,0.040086975913045005,0.00584759557655409,0.014107570490961448,0.02035093519263316,0.033146999366984606,0.038928618255262844,0.04163178450908665,0.032504291585435593,0.027509932696075958,0.02248825293599415
2015-06-01,-0.16306219254931964,0.003255135606200844,-0.037578220207253446,-0.045191849871155064,-0.030595812605781307,-0.03502096859940154,-0.03434764779354934,-0.01932817416535749,-0.03379723931981434,-0.03532588902643352,-0.04232023077287284,-0.04244788375608077,-0.010663971819049824,-0.011989284642687684,-0.014051418352403897,-0.016592649735622175,-0.017806937581241977,-0.03434764779354934,-8.281999751445857e-4,-0.009493546118428857,-0.01216539204031253,-0.023133161571039774,-0.025397593061116858,-0.02898707724318168,-0.04259762225948552,-0.05112993770558395,-0.013831686228069405
2015-07-01,-0.1716864418572488,0.0022532239908061424,-0.03950874285866986,-0.047160805199017955,-0.03348462572640483,-0.03083913619087513,-0.031725974855848486,-0.030204686319313306,-0.03316737742679729,-0.033361313838318404,-0.0370012633558292,-0.035950102061500885,-0.03647988666540619,-0.03816546999240574,-0.03337136291359669,-0.03748015577494707,-0.03507079894067992,-0.031725974855848486,-0.001922972694141458,-0.010959784878494435,-0.013950733335464175,-0.025545993462869027,-0.029870363201127525,-0.0302448326053656,-0.0324758889688214,-0.03395372783816899,-0.02321271933813453
2015-08-01,0.06135050540772191,0.0012116691054884481,-0.04151143526773923,-0.00688248791678998,-0.014883188271683157,-0.012299828983512754,-0.014383830043953962,-0.020948664143547777,-0.03226000391589962,-0.02537596341041909,-0.029634611444680006,-0.028994481805571338,-0.02751896305874839,-0.03081090234181053,-0.030376126469848233,-0.028291519153646544,-0.033336627365929926,-0.014383830043953962,-0.0030606413318343207,-0.002486735627359604,-0.0036005097213131446,-0.010096949579365595,-0.017729898543309412,-0.023644030720319616,-0.029249128584435194,-0.0335765045234136,-0.009388818091307805
2015-09-01,0.01515094316185328,0.0015696383691922188,-0.03720857620132895,-0.0485907503410261,-0.04594795644116669,-0.043768349427739904,-0.041529851371551775,-0.04351520918790452,-0.045987288065477694,-0.04633996129385533,-0.04958917882886573,-0.048758113102721115,-0.049352816808992304,-0.05094775019308478,-0.0494631890866472,-0.05393651019856386,-0.054481625361567504,-0.041529851371551775,-0.0023081830878598983,-0.01306129340453194,-0.021246158939826787,-0.03472931751404139,-0.03910136762060585,-0.04206803590893739,-0.042889367737409145,-0.04398812685513918,-0.030857762525112513
2015-10-01,-0.08651519560380327,0.0016500011194446511,0.03209716898853868,-0.0036263881157994407,0.004139007278409455,0.007384599308165595,0.0044494487876313915,6.419826416767783e-4,-0.00813105160305651,-0.02218674791912494,-0.014041492818172518,-0.012848196150008134,-0.007855472052368785,-0.009672403523450172,-0.0066690271715758725,-0.005865642964659182,-0.005868661364719948,0.0044494487876313915,0.004694717906354054,0.00099985764883042845,0.0034626672781331858,0.003780479535174689,0.005024406748789504,0.0035144888620851954,0.001956318191068527,6.360159155908487e-4,0.0023958465058844247
2015-11-01,-0.13097527355928706,0.0011313823151902515,-0.039851717024710416,-0.04827405458145073,-0.03517306129400253,-0.032991467778766916,-0.03450964801403371,-0.032856913423982545,-0.0353358106314809,-0.03902161047819502,-0.038973821500688774,-0.0380250996386802,-0.038574591339686416,-0.040073643736383786,-0.03874449802683041,-0.037344202088603326,-0.040220496935452946,-0.03450964801403371,-0.0029669276187998146,-0.012031655488962192,-0.018141157963200986,-0.026986275069486313,-0.02672482556445455,-0.027611578270087714,-0.028508828234607445,-0.030140644077609812,-0.024558853541289352
2015-12-01,-0.15989579231030104,3.5882877206465326e-4,-0.04115348211806151,-0.049576943182678024,-0.04295955094937501,-0.041171102593702755,-0.04306649518961682,-0.04152122540272858,-0.04404113014158135,-0.047508960931631386,-0.046685682221556474,-0.04662360388150517,-0.04716892462363125,-0.04876761207056126,-0.047578290381640846,-0.04623622134679152,-0.0425825376608461,-0.04306649518961682,-0.0037924023169479634,-0.013721702133126384,-0.0211761829321236,-0.033872944563179935,-0.03728355794947955,-0.039029910457588295,-0.04106095699525041,-0.043083573999348604,-0.029487744969120825
2016-01-01,-0.04254744604581839,-5.728841412049148e-4,-0.042825909022177554,-0.051287968692872415,-0.04999009857185696,-0.04856476693384488,-0.05083865956871911,-0.04939874648132967,-0.05198176663884292,-0.055273743721966084,-0.05455820328735327,-0.05448112496709866,-0.05502859345084004,-0.05675144790307999,-0.055704807523021475,-0.05442304950947288,-0.051002203636017346,-0.05083865956871911,-0.004798186629302179,-0.015520544613873855,-0.024216976896143196,-0.039097935517931726,-0.0463521106463433,-0.04855536727748836,-0.04949482499896677,-0.05048574231907284,-0.03667623731489916
2016-02-01,0.2107359244270448,-8.155116666651083e-4,-0.04282204148083923,-0.008301958854224422,-0.004741620905678807,-0.002750145877370523,-0.005878435555519244,0.002118761713985672,0.005686530306910451,-0.0022044351323423222,-0.0019341341082260467,-0.001955581960090099,-0.0011698010026447228,-0.0031211443980196305,-0.0021087453074294963,-0.0038973961489371725,-0.012017036918760396,-0.005878435555519244,-0.005016164648082521,-0.0027879076087835588,-0.005609948988045445,-0.004487643997777487,-0.008450535908833245,-0.011477930099351583,-0.01259484739674167,-0.013897901772886552,-0.004532078796335625
2016-03-01,0.07795913455351888,4.003011844481671e-4,0.03272244389318621,0.0388480234421821,0.04225341427522205,0.04097990451251725,0.03846644352702993,0.03199662633145043,0.01891243195434094,0.045772880946382974,0.05178362585752836,0.04133778155664834,0.0438146228692275,0.04306983220529907,0.04585136727026795,0.0443079928835549,0.043133634804748966,0.04097990451251725,0.003632515455321972,0.012388525506371196,0.01967407475713169,0.03258337010648229,0.03772686606567623,0.03910929603576649,0.04070299257198663,0.04337636902496605,0.030347674708735263
2016-04-01,0.1341411290359904,8.434945179857141e-4,0.03318880152885976,0.03928517631990164,0.04420186324880439,0.0430029638284567,0.04174364556634293,0.035382682715139516,0.04438968569878067,0.045957508079649975,0.022120044908022937,0.016490074998856092,0.021469848820122227,0.011968409455386231,0.016082691342212047,0.015188750025867694,0.03695904399071971,0.0430029638284567,0.004078025219073118,0.013023821589601216,0.020633019278747562,0.03408472179304486,0.04005063597289129,0.03469607304739612,0.029098435401602864,0.02687873063722964,0.031203180374351203
2016-05-01,0.04017991866501891,0.001600867441383468,0.03421892731974886,0.040333681324069254,0.04460650248172433,0.04347463966927915,0.04224422256187596,0.042813910899245466,0.04493280233451657,0.04464442842035528,0.0462459049069357,0.0466478624733043,0.04732898819117193,0.044388116998090865,0.04351898615585385,0.04093205175242734,0.04375122196229496,0.04347463966927915,0.0048626734292200055,0.01380382589367359,0.021343291763682458,0.03465684479724837,0.03650645430145355,0.03459000821333534,0.03221184709641182,0.03057205160377357,0.03233112839278376
2016-06-01,-0.08755216964724921,0.0018188281827599393,-0.03938079753399867,-0.009675218592078823,-0.00824971077783647,-0.010073279702159862,-0.019080950551325714,-0.01880935732461965,-0.02328107691733093,-0.02311971519476509,-0.018242687182542412,-0.01754620617268761,-0.018783702680426593,-0.018503908370942866,-0.012324200049513869,-0.013097448226116557,-0.0052814809653289815,-0.010073279702159862,-0.0023011343889159214,-0.0064522050801336175,-0.004947220739629396,-0.0076231837944392075,-0.009760053974958901,-0.010270655289299525,-0.007327423700456907,-0.004156770434895972,-0.007560362214037064
2016-07-01,-2.809925558500126e-4,0.001316743925287978,-0.03999056173796386,-0.050069875952594864,-0.035181436180123524,-0.0329620738274513,-0.04636194853104542,-0.04513899270689698,-0.04754534321886765,-0.04803901183881504,-0.06683110640793306,-0.04696121222750102,-0.04139889800727864,-0.04307960331884693,-0.04301438164180299,-0.04735673628595375,-0.05013975861489757,-0.0329620738274513,-0.002813986641037206,-0.012051945918830081,-0.01799518458519698,-0.02832882073190048,-0.03442595052449643,-0.040848926051507015,-0.04676591254862132,-0.049871757879213476,-0.027100241961408485
2016-08-01,0.0076139070082446,0.0013078180231587153,0.034279139353539455,0.0024998160633445364,0.014112842910084763,0.016980701521883648,0.012383746681943116,0.014120563216245718,0.018284699890720922,0.017396314390190827,-0.002926260287906997,-0.008466337392568099,-0.005176189739622087,-0.005103678798229929,0.001931423727012568,0.00260929981784319,0.002180306753517376,0.016980701521883648,0.004604950156196788,0.008194491963871845,0.011575442605800523,0.011842292100836843,0.008834870917978466,0.0044087979097047186,0.0010348400614544366,-6.200301017517855e-4,0.011066005108426116
2016-09-01,0.09461883821583372,0.0013428518508536368,0.0340124870300865,0.03998139885422234,0.04171019588418236,0.04936986243067464,0.04152426114617008,0.0429804382162593,0.04282567111614882,0.04310855840251385,0.030799505821562705,0.026467064439675253,0.031076607857066986,0.031054292422541208,0.03035506487964088,0.03365363472745243,0.03330853681414868,0.04936986243067464,0.004609815368776923,0.013187792751771432,0.02024099388638085,0.03248952457290221,0.033516996874363415,0.031986567843025705,0.02986540925911613,0.027310463223215124,0.030400515183865204
2016-10-01,-0.08756890914143911,0.001858188792096621,-0.03949419212318745,-0.011760764005421361,-0.0011832462124740494,-0.0032006396293250278,-0.011344338781917849,-0.011205932095234109,-0.015374157220513175,-0.015263939966310263,-0.01100759353813301,-0.010688450397666223,-0.012249623045163771,-0.012043472955199848,-0.012916131005890064,-0.013327722529167078,-0.006288964540757683,-0.0032006396293250278,-0.0022770492994317855,-0.005784595726479788,-0.006932655295440589,-0.0030524060274869196,-0.004089342729658214,-0.005343364364090528,-0.0067036687142097914,-0.008605035140130175,-0.003791166165285627
2016-11-01,0.1269226470130187,0.001366831111143128,0.0346125499131137,0.04027309801969674,0.04457285791722562,0.042969738971045,0.04184004523459838,0.04246349558992905,0.04468679418920477,0.044406137115367256,0.04604784387619047,0.04652819817361809,0.04729463701269042,0.047455451615686414,0.046537377797283494,0.047868116043286404,0.05022930749653642,0.042969738971045,0.004691402991340185,0.014947897708333331,0.021243918373058494,0.03449398570671285,0.03630610297617859,0.03595381894963525,0.036315032300442786,0.03535567266731672,0.03217154731012399
