date,Model,CSPE
2006-09-01,Elastic Net,0.003462697700762773
2006-09-01,Lasso,0.0035078692079983254
2006-09-01,Ridge,0.0012633673101514198
2006-09-01,PC,0.005608440044693466
2006-09-01,PLS,0.003494863193025619
2006-09-01,Mean,4.2089499642456504e-4
2006-09-01,Median,-2.9061236236385853e-5
2006-09-01,Trimmed mean,3.925196987810773e-4
2006-09-01,DMSPE(1),4.2089499642456504e-4
2006-09-01,DMSPE(0.9),4.2089499642456504e-4
2006-10-01,Elastic Net,0.003395885253059475
2006-10-01,Lasso,0.00344343116318045
2006-10-01,Ridge,0.001278252502573059
2006-10-01,PC,0.0056778057816551175
2006-10-01,PLS,0.0034007704910923755
2006-10-01,Mean,4.558537356222203e-4
2006-10-01,Median,-2.3655670625112276e-6
2006-10-01,Trimmed mean,4.412377252576075e-4
2006-10-01,DMSPE(1),4.558537356222203e-4
2006-10-01,DMSPE(0.9),4.558537356222203e-4
2006-11-01,Elastic Net,0.004339212719660584
2006-11-01,Lasso,0.004402393734668452
2006-11-01,Ridge,0.0017615406849372961
2006-11-01,PC,0.005802500753530118
2006-11-01,PLS,0.0033382437291993475
2006-11-01,Mean,4.489870631531967e-4
2006-11-01,Median,4.544290582965288e-5
2006-11-01,Trimmed mean,3.73010954903372e-4
2006-11-01,DMSPE(1),4.0025521104897194e-4
2006-11-01,DMSPE(0.9),3.9342518443587633e-4
2006-12-01,Elastic Net,0.008355211956565396
2006-12-01,Lasso,0.00865724809022174
2006-12-01,Ridge,0.004411503591616207
2006-12-01,PC,0.006633231603715049
2006-12-01,PLS,0.010878073150342137
2006-12-01,Mean,0.0013084328620697411
2006-12-01,Median,9.001868253666669e-4
2006-12-01,Trimmed mean,0.0011018068054326276
2006-12-01,DMSPE(1),0.0017364521007434926
2006-12-01,DMSPE(0.9),0.0016897052937636318
2007-01-01,Elastic Net,0.005224996582832805
2007-01-01,Lasso,0.006261317402597587
2007-01-01,Ridge,3.2728543614778486e-5
2007-01-01,PC,7.714402325114433e-4
2007-01-01,PLS,-0.0014420324448059818
2007-01-01,Mean,1.0888169251275704e-4
2007-01-01,Median,-4.674320666208457e-4
2007-01-01,Trimmed mean,-1.6618936338983154e-4
2007-01-01,DMSPE(1),2.6837879095890465e-4
2007-01-01,DMSPE(0.9),2.3386854552735393e-4
2007-02-01,Elastic Net,0.005213675648943413
2007-02-01,Lasso,0.00624734214954111
2007-02-01,Ridge,-2.5756896089413983e-5
2007-02-01,PC,7.08837017970315e-4
2007-02-01,PLS,-0.0024132012312650707
2007-02-01,Mean,7.438718220493104e-5
2007-02-01,Median,-5.056185624215205e-4
2007-02-01,Trimmed mean,-2.0268243281320046e-4
2007-02-01,DMSPE(1),2.2814690077367934e-4
2007-02-01,DMSPE(0.9),1.9288970044747665e-4
2007-03-01,Elastic Net,0.006067561940824735
2007-03-01,Lasso,0.007121062929645327
2007-03-01,Ridge,-1.1639321096329231e-4
2007-03-01,PC,0.0014454528733822574
2007-03-01,PLS,-0.003259961653261374
2007-03-01,Mean,-1.3974192027353571e-5
2007-03-01,Median,-4.416135346451436e-4
2007-03-01,Trimmed mean,-2.4365120146624722e-4
2007-03-01,DMSPE(1),1.8963481329714715e-4
2007-03-01,DMSPE(0.9),1.482022622023786e-4
2007-04-01,Elastic Net,0.0065907712239476664
2007-04-01,Lasso,0.007647488105969
2007-04-01,Ridge,-1.338104827782855e-4
2007-04-01,PC,0.0012651404156392484
2007-04-01,PLS,-0.0035152060592700727
2007-04-01,Mean,-3.90446501183243e-5
2007-04-01,Median,-4.870185089658882e-4
2007-04-01,Trimmed mean,-2.698122284917353e-4
2007-04-01,DMSPE(1),1.833457815372075e-4
2007-04-01,DMSPE(0.9),1.3788589467328733e-4
2007-05-01,Elastic Net,0.004394048609693742
2007-05-01,Lasso,0.005397594651398544
2007-05-01,Ridge,-0.0014642585371463473
2007-05-01,PC,-0.00219454524468722
2007-05-01,PLS,-0.007391085992422601
2007-05-01,Mean,-3.600218548513353e-4
2007-05-01,Median,-6.748785395511718e-4
2007-05-01,Trimmed mean,-5.242645219030302e-4
2007-05-01,DMSPE(1),-1.7621598725027713e-4
2007-05-01,DMSPE(0.9),-2.1279551863189077e-4
2007-06-01,Elastic Net,0.005861503458030307
2007-06-01,Lasso,0.006904777120432814
2007-06-01,Ridge,4.4097797712858025e-4
2007-06-01,PC,4.07990997630856e-4
2007-06-01,PLS,-0.0037821187573566155
2007-06-01,Mean,6.999589595457042e-5
2007-06-01,Median,-2.434724463048813e-4
2007-06-01,Trimmed mean,-1.2020089505094817e-4
2007-06-01,DMSPE(1),2.933045780840744e-4
2007-06-01,DMSPE(0.9),2.4940520607976823e-4
2007-07-01,Elastic Net,0.004896641335297794
2007-07-01,Lasso,0.005914775121631999
2007-07-01,Ridge,4.184996022926705e-4
2007-07-01,PC,6.361044702542668e-5
2007-07-01,PLS,-0.00452905356520903
2007-07-01,Mean,1.6981882257216535e-6
2007-07-01,Median,-2.8625963496773277e-4
2007-07-01,Trimmed mean,-1.7678784327734896e-4
2007-07-01,DMSPE(1),2.1295132121420138e-4
2007-07-01,DMSPE(0.9),1.7201651414654263e-4
2007-08-01,Elastic Net,9.426888499531251e-4
2007-08-01,Lasso,0.0018724792916455975
2007-08-01,Ridge,-0.0023600014264668254
2007-08-01,PC,-0.003676574448309571
2007-08-01,PLS,-0.008516362990585101
2007-08-01,Mean,-3.502262362037491e-4
2007-08-01,Median,-3.047856051428242e-4
2007-08-01,Trimmed mean,-4.209195322227487e-4
2007-08-01,DMSPE(1),-1.764052740080733e-4
2007-08-01,DMSPE(0.9),-2.0050713112522355e-4
2007-09-01,Elastic Net,0.0019955397608430693
2007-09-01,Lasso,0.002941464366086526
2007-09-01,Ridge,-0.001918896733601673
2007-09-01,PC,-0.002858497054989789
2007-09-01,PLS,-0.0069420142642048705
2007-09-01,Mean,-1.6071977010815913e-4
2007-09-01,Median,-1.9775757541205786e-4
2007-09-01,Trimmed mean,-2.2701675463694985e-4
2007-09-01,DMSPE(1),1.194738186458425e-5
2007-09-01,DMSPE(0.9),-1.8210061239856865e-5
2007-10-01,Elastic Net,0.0031638521735339173
2007-10-01,Lasso,0.004145993819628645
2007-10-01,Ridge,-0.001643017447632542
2007-10-01,PC,-0.002888857099809986
2007-10-01,PLS,-0.005188707334616474
2007-10-01,Mean,4.152857451443212e-5
2007-10-01,Median,-6.993128866303128e-5
2007-10-01,Trimmed mean,-5.211799983228084e-5
2007-10-01,DMSPE(1),2.446804586320843e-4
2007-10-01,DMSPE(0.9),2.0929123865296614e-4
2007-11-01,Elastic Net,0.004510577939851271
2007-11-01,Lasso,0.005592752791938078
2007-11-01,Ridge,-0.0014365397615371102
2007-11-01,PC,-0.0030503717857678237
2007-11-01,PLS,-0.006059222541126808
2007-11-01,Mean,-5.1143990040633576e-5
2007-11-01,Median,-1.8266074199820297e-4
2007-11-01,Trimmed mean,-1.8340752112073263e-4
2007-11-01,DMSPE(1),1.1838563877225423e-4
2007-11-01,DMSPE(0.9),6.577797374100608e-5
2007-12-01,Elastic Net,0.004411335430048736
2007-12-01,Lasso,0.005485071384536085
2007-12-01,Ridge,-0.0014596158861138217
2007-12-01,PC,-0.003049904489196108
2007-12-01,PLS,-0.0063672208986424944
2007-12-01,Mean,-6.538927198219305e-5
2007-12-01,Median,-1.9325705432374685e-4
2007-12-01,Trimmed mean,-2.047568461758642e-4
2007-12-01,DMSPE(1),9.925712942211926e-5
2007-12-01,DMSPE(0.9),4.7259383707668926e-5
2008-01-01,Elastic Net,0.0037083811092261895
2008-01-01,Lasso,0.004734472168211746
2008-01-01,Ridge,-0.0020171223870426047
2008-01-01,PC,-0.0040454515864364006
2008-01-01,PLS,-0.007187537404180413
2008-01-01,Mean,-1.1044312490404118e-4
2008-01-01,Median,-1.864320893300562e-4
2008-01-01,Trimmed mean,-2.411835494900386e-4
2008-01-01,DMSPE(1),5.302723754819258e-5
2008-01-01,DMSPE(0.9),2.3911340054445833e-6
2008-02-01,Elastic Net,0.005077479289084744
2008-02-01,Lasso,0.006374320545498515
2008-02-01,Ridge,-0.0012043203043705655
2008-02-01,PC,-0.00336672514350654
2008-02-01,PLS,-0.004935553223281823
2008-02-01,Mean,1.4955545450848285e-4
2008-02-01,Median,-1.066782010023273e-5
2008-02-01,Trimmed mean,2.07177066699402e-5
2008-02-01,DMSPE(1),3.420570582238742e-4
2008-02-01,DMSPE(0.9),2.806460048734728e-4
2008-03-01,Elastic Net,0.003157105939500328
2008-03-01,Lasso,0.0044160787411758815
2008-03-01,Ridge,-0.002112805931590372
2008-03-01,PC,-0.005803357620455015
2008-03-01,PLS,-0.006339656389741531
2008-03-01,Mean,1.0143639914854312e-5
2008-03-01,Median,1.1543908054106185e-4
2008-03-01,Trimmed mean,-6.0317918186204625e-5
2008-03-01,DMSPE(1),2.1693993540276228e-4
2008-03-01,DMSPE(0.9),1.6463052585336088e-4
2008-04-01,Elastic Net,0.0050256297691675346
2008-04-01,Lasso,0.0063306969912626035
2008-04-01,Ridge,-6.312048505898807e-4
2008-04-01,PC,-0.006801771057944282
2008-04-01,PLS,-0.0037788932369563076
2008-04-01,Mean,3.208705944374497e-4
2008-04-01,Median,4.58839379648893e-4
2008-04-01,Trimmed mean,3.052482806454413e-4
2008-04-01,DMSPE(1),5.77174839997997e-4
2008-04-01,DMSPE(0.9),5.500544059103224e-4
2008-05-01,Elastic Net,0.0058352078694432
2008-05-01,Lasso,0.007151031836455637
2008-05-01,Ridge,1.7771867935311195e-4
2008-05-01,PC,-0.006268681247338341
2008-05-01,PLS,-0.0024528747672219035
2008-05-01,Mean,5.469328194910511e-4
2008-05-01,Median,6.135404069705511e-4
2008-05-01,Trimmed mean,5.36602759165413e-4
2008-05-01,DMSPE(1),8.255286968676699e-4
2008-05-01,DMSPE(0.9),8.088252677482496e-4
2008-06-01,Elastic Net,0.005089792207959407
2008-06-01,Lasso,0.00637754828002224
2008-06-01,Ridge,1.974718997077411e-4
2008-06-01,PC,-0.0055282679592267995
2008-06-01,PLS,-0.002688772236171649
2008-06-01,Mean,5.212032193388847e-4
2008-06-01,Median,5.21936456544056e-4
2008-06-01,Trimmed mean,5.051771206992242e-4
2008-06-01,DMSPE(1),7.678271181023325e-4
2008-06-01,DMSPE(0.9),7.374373477718783e-4
2008-07-01,Elastic Net,0.010155318377232932
2008-07-01,Lasso,0.011482228794514686
2008-07-01,Ridge,0.005563894830904148
2008-07-01,PC,0.005416397941318661
2008-07-01,PLS,0.00284973847899179
2008-07-01,Mean,0.0011797556406827957
2008-07-01,Median,1.1495974351936478e-4
2008-07-01,Trimmed mean,9.047975852373091e-4
2008-07-01,DMSPE(1),0.0013154896408000588
2008-07-01,DMSPE(0.9),0.0012601080110993402
2008-08-01,Elastic Net,0.016310296626039264
2008-08-01,Lasso,0.017711290918389334
2008-08-01,Ridge,0.013789258975489228
2008-08-01,PC,0.01755645136867112
2008-08-01,PLS,0.012321894704591003
2008-08-01,Mean,0.002270976984946347
2008-08-01,Median,-3.987470980019719e-5
2008-08-01,Trimmed mean,0.0018484349821589303
2008-08-01,DMSPE(1),0.002434556531043509
2008-08-01,DMSPE(0.9),0.0024843475800650117
2008-09-01,Elastic Net,0.03254475385200864
2008-09-01,Lasso,0.03266250378998269
2008-09-01,Ridge,0.03400084559183229
2008-09-01,PC,0.06688019548543153
2008-09-01,PLS,0.058090399902192245
2008-09-01,Mean,0.007153718709812996
2008-09-01,Median,2.4749679319148736e-4
2008-09-01,Trimmed mean,0.005774843588503897
2008-09-01,DMSPE(1),0.007617761983954408
2008-09-01,DMSPE(0.9),0.007608730127032411
2008-10-01,Elastic Net,0.10503302740572852
2008-10-01,Lasso,0.10492446053191133
2008-10-01,Ridge,0.11364153194833068
2008-10-01,PC,0.1448790245404272
2008-10-01,PLS,0.1366957290806809
2008-10-01,Mean,0.02701950247214449
2008-10-01,Median,0.006479436687073836
2008-10-01,Trimmed mean,0.018851027306270553
2008-10-01,DMSPE(1),0.02987267386521551
2008-10-01,DMSPE(0.9),0.0314074984268573
2008-11-01,Elastic Net,0.17273174928535842
2008-11-01,Lasso,0.1734248209127622
2008-11-01,Ridge,0.14326416592382554
2008-11-01,PC,0.14036499761751517
2008-11-01,PLS,0.17830912541510557
2008-11-01,Mean,0.035502333369651196
2008-11-01,Median,0.018118032717188207
2008-11-01,Trimmed mean,0.026784591525696618
2008-11-01,DMSPE(1),0.03908994101645706
2008-11-01,DMSPE(0.9),0.04097855393558313
2008-12-01,Elastic Net,0.1537030990665206
2008-12-01,Lasso,0.1546921134004318
2008-12-01,Ridge,0.1245180432275557
2008-12-01,PC,0.12181849817963428
2008-12-01,PLS,0.15489916856796893
2008-12-01,Mean,0.03380112365348529
2008-12-01,Median,0.016930386083941488
2008-12-01,Trimmed mean,0.025354595654711785
2008-12-01,DMSPE(1),0.036905476397118935
2008-12-01,DMSPE(0.9),0.038575658103163706
2009-01-01,Elastic Net,0.1588568490769926
2009-01-01,Lasso,0.15984497323066676
2009-01-01,Ridge,0.12923828990894637
2009-01-01,PC,0.11973688453905669
2009-01-01,PLS,0.15516798318713326
2009-01-01,Mean,0.037590477232785975
2009-01-01,Median,0.020158432323094545
2009-01-01,Trimmed mean,0.028883188150272156
2009-01-01,DMSPE(1),0.04089106107487526
2009-01-01,DMSPE(0.9),0.04260737467952295
2009-02-01,Elastic Net,0.13555534997134086
2009-02-01,Lasso,0.13638542703765144
2009-02-01,Ridge,0.09686216412519844
2009-02-01,PC,0.0717043836561715
2009-02-01,PLS,0.09945778457935622
2009-02-01,Mean,0.02489656460862311
2009-02-01,Median,0.009420792897735359
2009-02-01,Trimmed mean,0.01747182316177952
2009-02-01,DMSPE(1),0.027368648335435355
2009-02-01,DMSPE(0.9),0.02887050457961694
2009-03-01,Elastic Net,0.12982220596161295
2009-03-01,Lasso,0.13057258617750342
2009-03-01,Ridge,0.09585529901446424
2009-03-01,PC,0.06814733115092114
2009-03-01,PLS,0.08948544822490088
2009-03-01,Mean,0.023534725832575994
2009-03-01,Median,0.008151427237272135
2009-03-01,Trimmed mean,0.016193366813158444
2009-03-01,DMSPE(1),0.025933706976966953
2009-03-01,DMSPE(0.9),0.0274478863006109
2009-04-01,Elastic Net,0.13642855010575167
2009-04-01,Lasso,0.1364584843358481
2009-04-01,Ridge,0.10028779362491456
2009-04-01,PC,0.06951623950984386
2009-04-01,PLS,0.06802128741953674
2009-04-01,Mean,0.019074906037814355
2009-04-01,Median,0.0031335091967055998
2009-04-01,Trimmed mean,0.011878909429633768
2009-04-01,DMSPE(1),0.021656936055317242
2009-04-01,DMSPE(0.9),0.023357468621908913
2009-05-01,Elastic Net,0.14644246068739927
2009-05-01,Lasso,0.14656738277879483
2009-05-01,Ridge,0.11735961245518263
2009-05-01,PC,0.0845387339420252
2009-05-01,PLS,0.06830081758683738
2009-05-01,Mean,0.01912918968598296
2009-05-01,Median,0.003289135024157668
2009-05-01,Trimmed mean,0.011898862911011438
2009-05-01,DMSPE(1),0.021919073547464554
2009-05-01,DMSPE(0.9),0.02373492898883448
2009-06-01,Elastic Net,0.13165725951410515
2009-06-01,Lasso,0.13162360261312292
2009-06-01,Ridge,0.09806387877428588
2009-06-01,PC,0.07118009873771176
2009-06-01,PLS,0.06488607360862703
2009-06-01,Mean,0.018587249837708104
2009-06-01,Median,0.0026794066655706533
2009-06-01,Trimmed mean,0.011410289073209488
2009-06-01,DMSPE(1),0.02121644424326301
2009-06-01,DMSPE(0.9),0.022975808853953863
2009-07-01,Elastic Net,0.12827948087823862
2009-07-01,Lasso,0.12825852116628997
2009-07-01,Ridge,0.09851967158227659
2009-07-01,PC,0.06959888292580918
2009-07-01,PLS,0.06605913702726242
2009-07-01,Mean,0.018799594159036304
2009-07-01,Median,0.0030693425591785226
2009-07-01,Trimmed mean,0.011777935947423919
2009-07-01,DMSPE(1),0.02141711816736424
2009-07-01,DMSPE(0.9),0.023181178261857314
2009-08-01,Elastic Net,0.12193683186091371
2009-08-01,Lasso,0.12182847978060571
2009-08-01,Ridge,0.0881267154755123
2009-08-01,PC,0.06311157575691244
2009-08-01,PLS,0.06196341694732166
2009-08-01,Mean,0.018287094128900068
2009-08-01,Median,0.0026403684536929683
2009-08-01,Trimmed mean,0.011295917661259272
2009-08-01,DMSPE(1),0.02085491423661583
2009-08-01,DMSPE(0.9),0.022617242149881065
2009-09-01,Elastic Net,0.1266590192845121
2009-09-01,Lasso,0.12659452695269083
2009-09-01,Ridge,0.09317821707435789
2009-09-01,PC,0.06727008559068288
2009-09-01,PLS,0.06552582833549664
2009-09-01,Mean,0.01904857099300993
2009-09-01,Median,0.003157508167367559
2009-09-01,Trimmed mean,0.012047329467724792
2009-09-01,DMSPE(1),0.02171120520008933
2009-09-01,DMSPE(0.9),0.023474658327132785
2009-10-01,Elastic Net,0.1267960458237148
2009-10-01,Lasso,0.126724408120657
2009-10-01,Ridge,0.09284686163471743
2009-10-01,PC,0.06706965922226965
2009-10-01,PLS,0.06553910139835487
2009-10-01,Mean,0.019223481108198614
2009-10-01,Median,0.003313496919517267
2009-10-01,Trimmed mean,0.01221799230302245
2009-10-01,DMSPE(1),0.0218971942678145
2009-10-01,DMSPE(0.9),0.023663120082086507
2009-11-01,Elastic Net,0.12135751536966792
2009-11-01,Lasso,0.1212200483192186
2009-11-01,Ridge,0.08740138071534481
2009-11-01,PC,0.0646187297468901
2009-11-01,PLS,0.06189865518045918
2009-11-01,Mean,0.018666107614398207
2009-11-01,Median,0.0028906797267483544
2009-11-01,Trimmed mean,0.011705949657136522
2009-11-01,DMSPE(1),0.021251149747620986
2009-11-01,DMSPE(0.9),0.023010655856033298
2009-12-01,Elastic Net,0.12306325176306243
2009-12-01,Lasso,0.12292949426229732
2009-12-01,Ridge,0.08910825850091966
2009-12-01,PC,0.06589916849581251
2009-12-01,PLS,0.06355382063349697
2009-12-01,Mean,0.019133349786678657
2009-12-01,Median,0.0032333120118851703
2009-12-01,Trimmed mean,0.012138924479891889
2009-12-01,DMSPE(1),0.021765199503545017
2009-12-01,DMSPE(0.9),0.02351933409554834
2010-01-01,Elastic Net,0.12409431344636349
2010-01-01,Lasso,0.12401463911319761
2010-01-01,Ridge,0.09016392530067485
2010-01-01,PC,0.0669784992334953
2010-01-01,PLS,0.06384688879981304
2010-01-01,Mean,0.019190121604125355
2010-01-01,Median,0.0030234476659852794
2010-01-01,Trimmed mean,0.012140986581599922
2010-01-01,DMSPE(1),0.021863607338104576
2010-01-01,DMSPE(0.9),0.02361957008942217
2010-02-01,Elastic Net,0.12669194722432334
2010-02-01,Lasso,0.1265316021143584
2010-02-01,Ridge,0.09287813027287363
2010-02-01,PC,0.06941060634287774
2010-02-01,PLS,0.06638410012930718
2010-02-01,Mean,0.019864343844229044
2010-02-01,Median,0.003582279997025825
2010-02-01,Trimmed mean,0.012810063315443716
2010-02-01,DMSPE(1),0.02258889947588776
2010-02-01,DMSPE(0.9),0.024346842601024626
2010-03-01,Elastic Net,0.1272283672658358
2010-03-01,Lasso,0.12703930505310038
2010-03-01,Ridge,0.09330389210246645
2010-03-01,PC,0.07009818437287352
2010-03-01,PLS,0.06711771516790815
2010-03-01,Mean,0.02017935054574787
2010-03-01,Median,0.0038365661888338743
2010-03-01,Trimmed mean,0.013110240995707718
2010-03-01,DMSPE(1),0.022931260662471115
2010-03-01,DMSPE(0.9),0.024689696763812254
2010-04-01,Elastic Net,0.11353479728333891
2010-04-01,Lasso,0.1135224674483545
2010-04-01,Ridge,0.07929414059999848
2010-04-01,PC,0.05846538085448154
2010-04-01,PLS,0.05481325593039497
2010-04-01,Mean,0.01814524700920756
2010-04-01,Median,0.0023586484472444434
2010-04-01,Trimmed mean,0.01114983593643338
2010-04-01,DMSPE(1),0.02072719379778254
2010-04-01,DMSPE(0.9),0.0224657353566875
2010-05-01,Elastic Net,0.10777307659366486
2010-05-01,Lasso,0.10887087680982145
2010-05-01,Ridge,0.07325815396437077
2010-05-01,PC,0.0509043143450433
2010-05-01,PLS,0.05312223429482536
2010-05-01,Mean,0.017971564214761242
2010-05-01,Median,0.0023982727196137726
2010-05-01,Trimmed mean,0.011007624292134926
2010-05-01,DMSPE(1),0.020515502703016653
2010-05-01,DMSPE(0.9),0.022270247295175977
2010-06-01,Elastic Net,0.10773294677692136
2010-06-01,Lasso,0.10887670657594997
2010-06-01,Ridge,0.07315217500621334
2010-06-01,PC,0.04856663721468322
2010-06-01,PLS,0.0527127040319121
2010-06-01,Mean,0.01794376336581353
2010-06-01,Median,0.0023950441420633713
2010-06-01,Trimmed mean,0.010982819418822393
2010-06-01,DMSPE(1),0.02048363080016012
2010-06-01,DMSPE(0.9),0.02223966873696467
2010-07-01,Elastic Net,0.10674063243034962
2010-07-01,Lasso,0.10849910220296308
2010-07-01,Ridge,0.07228341817952225
2010-07-01,PC,0.04765890930433516
2010-07-01,PLS,0.052353539979254744
2010-07-01,Mean,0.017908529278897394
2010-07-01,Median,0.0023648115080731028
2010-07-01,Trimmed mean,0.010943987251605645
2010-07-01,DMSPE(1),0.020443600149606875
2010-07-01,DMSPE(0.9),0.02220294475673178
2010-08-01,Elastic Net,0.107496803675071
2010-08-01,Lasso,0.10915326653338367
2010-08-01,Ridge,0.07304895613815844
2010-08-01,PC,0.048418440501258604
2010-08-01,PLS,0.05301143819025119
2010-08-01,Mean,0.018232393354839307
2010-08-01,Median,0.002456080319691569
2010-08-01,Trimmed mean,0.01123775168906333
2010-08-01,DMSPE(1),0.02079115557890133
2010-08-01,DMSPE(0.9),0.02253105004228129
2010-09-01,Elastic Net,0.11029542555812999
2010-09-01,Lasso,0.11162632089566633
2010-09-01,Ridge,0.07535041200038595
2010-09-01,PC,0.05257665437195168
2010-09-01,PLS,0.05407171928586206
2010-09-01,Mean,0.018427319579071292
2010-09-01,Median,0.002588083201713562
2010-09-01,Trimmed mean,0.011461586580012933
2010-09-01,DMSPE(1),0.02104382851992525
2010-09-01,DMSPE(0.9),0.022752475865336866
2010-10-01,Elastic Net,0.11042798723986257
2010-10-01,Lasso,0.11186822429133932
2010-10-01,Ridge,0.07554837993643385
2010-10-01,PC,0.052395809702938084
2010-10-01,PLS,0.05436476519387037
2010-10-01,Mean,0.018534262305975595
2010-10-01,Median,0.0026969668207775994
2010-10-01,Trimmed mean,0.011575442765086612
2010-10-01,DMSPE(1),0.021164202913963696
2010-10-01,DMSPE(0.9),0.022871471516087864
2010-11-01,Elastic Net,0.11224878895820874
2010-11-01,Lasso,0.11333254464405729
2010-11-01,Ridge,0.07732524886612722
2010-11-01,PC,0.053217025816073876
2010-11-01,PLS,0.055995727868262964
2010-11-01,Mean,0.018914299151375054
2010-11-01,Median,0.002897617244280035
2010-11-01,Trimmed mean,0.011946380501680193
2010-11-01,DMSPE(1),0.021586457145266785
2010-11-01,DMSPE(0.9),0.023274978839009555
2010-12-01,Elastic Net,0.11088584429318372
2010-12-01,Lasso,0.11209279767789451
2010-12-01,Ridge,0.07682603285429955
2010-12-01,PC,0.0528681248216366
2010-12-01,PLS,0.05503683542848289
2010-12-01,Mean,0.018812675443822147
2010-12-01,Median,0.002832419962848276
2010-12-01,Trimmed mean,0.011840844435845233
2010-12-01,DMSPE(1),0.021465261217945314
2010-12-01,DMSPE(0.9),0.0231596583726263
2011-01-01,Elastic Net,0.10865630752729889
2011-01-01,Lasso,0.11057342291296275
2011-01-01,Ridge,0.07413403942447228
2011-01-01,PC,0.05079739124781254
2011-01-01,PLS,0.052565023924909915
2011-01-01,Mean,0.018556032230632763
2011-01-01,Median,0.0026990973805028737
2011-01-01,Trimmed mean,0.011603789646819272
2011-01-01,DMSPE(1),0.021183065475652015
2011-01-01,DMSPE(0.9),0.022890076330171077
2011-02-01,Elastic Net,0.11685578809212183
2011-02-01,Lasso,0.11632265982079704
2011-02-01,Ridge,0.08265029158759504
2011-02-01,PC,0.056572225557369175
2011-02-01,PLS,0.06047393909310756
2011-02-01,Mean,0.02006448629148322
2011-02-01,Median,0.003891915791352327
2011-02-01,Trimmed mean,0.013040907235365402
2011-02-01,DMSPE(1),0.022822923238526943
2011-02-01,DMSPE(0.9),0.024445608383944894
2011-03-01,Elastic Net,0.11893363302848284
2011-03-01,Lasso,0.11797570845636857
2011-03-01,Ridge,0.08464243920354213
2011-03-01,PC,0.05730223576721316
2011-03-01,PLS,0.06215144731172263
2011-03-01,Mean,0.02043719732596722
2011-03-01,Median,0.0042102063997208556
2011-03-01,Trimmed mean,0.013407047087765989
2011-03-01,DMSPE(1),0.023243839642664455
2011-03-01,DMSPE(0.9),0.024854590447930563
2011-04-01,Elastic Net,0.10942648078313832
2011-04-01,Lasso,0.11178490311584684
2011-04-01,Ridge,0.07570902318034792
2011-04-01,PC,0.049275745487340025
2011-04-01,PLS,0.05331419350357264
2011-04-01,Mean,0.019075211329754795
2011-04-01,Median,0.0031192171637657103
2011-04-01,Trimmed mean,0.01204725515148099
2011-04-01,DMSPE(1),0.021794259030462032
2011-04-01,DMSPE(0.9),0.023412868102464623
2011-05-01,Elastic Net,0.11131905066010436
2011-05-01,Lasso,0.11341522189811694
2011-05-01,Ridge,0.07763845291785249
2011-05-01,PC,0.0523456483861058
2011-05-01,PLS,0.05353597281343339
2011-05-01,Mean,0.01911494789432187
2011-05-01,Median,0.0029020658408319753
2011-05-01,Trimmed mean,0.011976326815949526
2011-05-01,DMSPE(1),0.021867045448435526
2011-05-01,DMSPE(0.9),0.02345545904658485
2011-06-01,Elastic Net,0.11070294125687773
2011-06-01,Lasso,0.1129559187368762
2011-06-01,Ridge,0.07734151273654723
2011-06-01,PC,0.049241892992085125
2011-06-01,PLS,0.05344009267911774
2011-06-01,Mean,0.019115197593420067
2011-06-01,Median,0.0028948630532302775
2011-06-01,Trimmed mean,0.011977307157654233
2011-06-01,DMSPE(1),0.02186592349220695
2011-06-01,DMSPE(0.9),0.02345488817157402
2011-07-01,Elastic Net,0.10944027788055721
2011-07-01,Lasso,0.10832720994194119
2011-07-01,Ridge,0.07972282822317477
2011-07-01,PC,0.0567826004897796
2011-07-01,PLS,0.055591420486598576
2011-07-01,Mean,0.01949424636492852
2011-07-01,Median,0.002516374918866445
2011-07-01,Trimmed mean,0.012251525512173053
2011-07-01,DMSPE(1),0.022262167524404977
2011-07-01,DMSPE(0.9),0.023858168783354866
2011-08-01,Elastic Net,0.10489504349675123
2011-08-01,Lasso,0.10518918763796403
2011-08-01,Ridge,0.07607695289793907
2011-08-01,PC,0.05171321235710452
2011-08-01,PLS,0.052460751544575426
2011-08-01,Mean,0.01983784051292105
2011-08-01,Median,0.0027144044355305267
2011-08-01,Trimmed mean,0.01257024045962092
2011-08-01,DMSPE(1),0.022620158585543074
2011-08-01,DMSPE(0.9),0.024206217233252447
2011-09-01,Elastic Net,0.1040592266632688
2011-09-01,Lasso,0.10384717301401623
2011-09-01,Ridge,0.0743938775450812
2011-09-01,PC,0.04687550165460928
2011-09-01,PLS,0.04689930635815183
2011-09-01,Mean,0.01965686307215985
2011-09-01,Median,0.002648134920142091
2011-09-01,Trimmed mean,0.012401485869735605
2011-09-01,DMSPE(1),0.022417988962771293
2011-09-01,DMSPE(0.9),0.024014076234476815
2011-10-01,Elastic Net,0.10487986590329341
2011-10-01,Lasso,0.10499579951905302
2011-10-01,Ridge,0.07445527989046188
2011-10-01,PC,0.04504335880958213
2011-10-01,PLS,0.036576978263803524
2011-10-01,Mean,0.018095446192880792
2011-10-01,Median,0.0020629040843987596
2011-10-01,Trimmed mean,0.010762813973531203
2011-10-01,DMSPE(1),0.02087768515861177
2011-10-01,DMSPE(0.9),0.022463429232052464
2011-11-01,Elastic Net,0.10473149142084819
2011-11-01,Lasso,0.10502410993635077
2011-11-01,Ridge,0.0740202616987596
2011-11-01,PC,0.04223830466093223
2011-11-01,PLS,0.03659008472681417
2011-11-01,Mean,0.018108691212432942
2011-11-01,Median,0.0020696848336680318
2011-11-01,Trimmed mean,0.010776039537181535
2011-11-01,DMSPE(1),0.020892156393013374
2011-11-01,DMSPE(0.9),0.02248036390194496
2011-12-01,Elastic Net,0.10474934376413741
2011-12-01,Lasso,0.1048333687259701
2011-12-01,Ridge,0.07401096072525733
2011-12-01,PC,0.04215965438418373
2011-12-01,PLS,0.03645643279142097
2011-12-01,Mean,0.018094825928635552
2011-12-01,Median,0.002069401013738985
2011-12-01,Trimmed mean,0.010769876318516274
2011-12-01,DMSPE(1),0.020878404997873717
2011-12-01,DMSPE(0.9),0.022470592129412437
2012-01-01,Elastic Net,0.10416793658187205
2012-01-01,Lasso,0.10432596204119851
2012-01-01,Ridge,0.0737316776288314
2012-01-01,PC,0.04069413998891769
2012-01-01,PLS,0.03574005876961472
2012-01-01,Mean,0.01803662596822444
2012-01-01,Median,0.00206975732351898
2012-01-01,Trimmed mean,0.01072612086845793
2012-01-01,DMSPE(1),0.020812189714521864
2012-01-01,DMSPE(0.9),0.022405581503965568
2012-02-01,Elastic Net,0.1047415021871723
2012-02-01,Lasso,0.10505407159304798
2012-02-01,Ridge,0.07410249635602366
2012-02-01,PC,0.04120574369498442
2012-02-01,PLS,0.036437948877539025
2012-02-01,Mean,0.018200184885688517
2012-02-01,Median,0.0021926790654019303
2012-02-01,Trimmed mean,0.010882901196527737
2012-02-01,DMSPE(1),0.02099725654196355
2012-02-01,DMSPE(0.9),0.022573415630965356
2012-03-01,Elastic Net,0.10380927407725696
2012-03-01,Lasso,0.1053181731483863
2012-03-01,Ridge,0.07205163415748837
2012-03-01,PC,0.04188807826650754
2012-03-01,PLS,0.03645143393182003
2012-03-01,Mean,0.01820219818201473
2012-03-01,Median,0.0021422437704925186
2012-03-01,Trimmed mean,0.010837229839962936
2012-03-01,DMSPE(1),0.02099487004194957
2012-03-01,DMSPE(0.9),0.022547523299834782
2012-04-01,Elastic Net,0.1010279851302847
2012-04-01,Lasso,0.10317646446821349
2012-04-01,Ridge,0.0659540632795085
2012-04-01,PC,0.041379949642979676
2012-04-01,PLS,0.03486779328604464
2012-04-01,Mean,0.017973088728012166
2012-04-01,Median,0.0018231470614417271
2012-04-01,Trimmed mean,0.01049657925541189
2012-04-01,DMSPE(1),0.020759663575859746
2012-04-01,DMSPE(0.9),0.02235570149174408
2012-05-01,Elastic Net,0.10579151831644368
2012-05-01,Lasso,0.10837388169446695
2012-05-01,Ridge,0.07096418478584719
2012-05-01,PC,0.05558440934370029
2012-05-01,PLS,0.04746778434471568
2012-05-01,Mean,0.020253270900147467
2012-05-01,Median,0.002456331602522645
2012-05-01,Trimmed mean,0.012640360132424354
2012-05-01,DMSPE(1),0.02317192191357862
2012-05-01,DMSPE(0.9),0.024658410335006018
2012-06-01,Elastic Net,0.10228050561068783
2012-06-01,Lasso,0.10416977085347301
2012-06-01,Ridge,0.06827976139919983
2012-06-01,PC,0.04815589611825213
2012-06-01,PLS,0.038267020498506076
2012-06-01,Mean,0.01909002925390557
2012-06-01,Median,0.0018205384436530993
2012-06-01,Trimmed mean,0.011575780703590343
2012-06-01,DMSPE(1),0.021927028591396277
2012-06-01,DMSPE(0.9),0.023394384642837062
2012-07-01,Elastic Net,0.10468131882647458
2012-07-01,Lasso,0.1063257165359273
2012-07-01,Ridge,0.07019033012602058
2012-07-01,PC,0.04737667956366544
2012-07-01,PLS,0.033672812105529415
2012-07-01,Mean,0.018480977207504967
2012-07-01,Median,0.0013270352380836947
2012-07-01,Trimmed mean,0.010929405492661748
2012-07-01,DMSPE(1),0.02135700370003575
2012-07-01,DMSPE(0.9),0.022802841512258722
2012-08-01,Elastic Net,0.10367454286036462
2012-08-01,Lasso,0.10530373253374162
2012-08-01,Ridge,0.0690357016364648
2012-08-01,PC,0.04556033008513599
2012-08-01,PLS,0.03370901855332567
2012-08-01,Mean,0.018487276324446963
2012-08-01,Median,0.0013408890132822796
2012-08-01,Trimmed mean,0.010938807895290453
2012-08-01,DMSPE(1),0.02135585597040427
2012-08-01,DMSPE(0.9),0.022805209212828265
2012-09-01,Elastic Net,0.10377781946462257
2012-09-01,Lasso,0.10541832974701039
2012-09-01,Ridge,0.06867464397864724
2012-09-01,PC,0.04657101860637097
2012-09-01,PLS,0.03659357506821868
2012-09-01,Mean,0.01902843396013157
2012-09-01,Median,0.001771582726497267
2012-09-01,Trimmed mean,0.01144643575734314
2012-09-01,DMSPE(1),0.02188504395980888
2012-09-01,DMSPE(0.9),0.02331174921905426
2012-10-01,Elastic Net,0.10485685088000953
2012-10-01,Lasso,0.1064985710282445
2012-10-01,Ridge,0.06936680933419129
2012-10-01,PC,0.04809151944713451
2012-10-01,PLS,0.03807795391235586
2012-10-01,Mean,0.019553445444151774
2012-10-01,Median,0.002105877797747191
2012-10-01,Trimmed mean,0.011959279623540722
2012-10-01,DMSPE(1),0.022440700568347113
2012-10-01,DMSPE(0.9),0.023849028457471392
2012-11-01,Elastic Net,0.10492425804435686
2012-11-01,Lasso,0.106567011561974
2012-11-01,Ridge,0.06943519766130817
2012-11-01,PC,0.048158672442223785
2012-11-01,PLS,0.03708531146042907
2012-11-01,Mean,0.0194704129689005
2012-11-01,Median,0.002036047050329702
2012-11-01,Trimmed mean,0.011881323918660973
2012-11-01,DMSPE(1),0.022354300644146917
2012-11-01,DMSPE(0.9),0.023760065026806023
2012-12-01,Elastic Net,0.10754902181336355
2012-12-01,Lasso,0.10921008888062105
2012-12-01,Ridge,0.0723024581612182
2012-12-01,PC,0.05181772256967689
2012-12-01,PLS,0.037601597949224186
2012-12-01,Mean,0.019556418924295306
2012-12-01,Median,0.0021856306562467605
2012-12-01,Trimmed mean,0.011967112325529711
2012-12-01,DMSPE(1),0.02247868821982611
2012-12-01,DMSPE(0.9),0.02385768676148021
2013-01-01,Elastic Net,0.10658464593801811
2013-01-01,Lasso,0.10823171440640297
2013-01-01,Ridge,0.07184180132594045
2013-01-01,PC,0.05079509253812589
2013-01-01,PLS,0.037157327444669305
2013-01-01,Mean,0.01951770835015873
2013-01-01,Median,0.002165902250291743
2013-01-01,Trimmed mean,0.011929802207225903
2013-01-01,DMSPE(1),0.022431574435870915
2013-01-01,DMSPE(0.9),0.023816184012386714
2013-02-01,Elastic Net,0.10674247706722924
2013-02-01,Lasso,0.10847231177829082
2013-02-01,Ridge,0.07175954288623115
2013-02-01,PC,0.051343059914980935
2013-02-01,PLS,0.03689377579538895
2013-02-01,Mean,0.019479450410621452
2013-02-01,Median,0.002136089371468524
2013-02-01,Trimmed mean,0.011852784130323707
2013-02-01,DMSPE(1),0.022391007349225382
2013-02-01,DMSPE(0.9),0.02378551217842851
2013-03-01,Elastic Net,0.10657290655439594
2013-03-01,Lasso,0.10804017767724752
2013-03-01,Ridge,0.07128697074428343
2013-03-01,PC,0.05128828339679879
2013-03-01,PLS,0.03579643668096399
2013-03-01,Mean,0.01937081019790409
2013-03-01,Median,0.00202226698311616
2013-03-01,Trimmed mean,0.011718725866170019
2013-03-01,DMSPE(1),0.022281999425222097
2013-03-01,DMSPE(0.9),0.023680923007483982
2013-04-01,Elastic Net,0.10642616950149456
2013-04-01,Lasso,0.1078133879188462
2013-04-01,Ridge,0.07125048165530733
2013-04-01,PC,0.0497324280944603
2013-04-01,PLS,0.035881757568558076
2013-04-01,Mean,0.019384464481308483
2013-04-01,Median,0.0020896833689593945
2013-04-01,Trimmed mean,0.011754668611779085
2013-04-01,DMSPE(1),0.022292127910210548
2013-04-01,DMSPE(0.9),0.02369508910352669
2013-05-01,Elastic Net,0.10576182748540101
2013-05-01,Lasso,0.10766997610523789
2013-05-01,Ridge,0.07061594611799657
2013-05-01,PC,0.046621182134240116
2013-05-01,PLS,0.03486669714188325
2013-05-01,Mean,0.01933511841555895
2013-05-01,Median,0.0020834783469809355
2013-05-01,Trimmed mean,0.011714703975717342
2013-05-01,DMSPE(1),0.022235692968787617
2013-05-01,DMSPE(0.9),0.023645969567459242
2013-06-01,Elastic Net,0.10778207628985241
2013-06-01,Lasso,0.10971298461368195
2013-06-01,Ridge,0.07157863649139747
2013-06-01,PC,0.0471270261138664
2013-06-01,PLS,0.03494295491078694
2013-06-01,Mean,0.01934660705263784
2013-06-01,Median,0.0020407362063332916
2013-06-01,Trimmed mean,0.011707930117999603
2013-06-01,DMSPE(1),0.022289595607438765
2013-06-01,DMSPE(0.9),0.023667203266431628
2013-07-01,Elastic Net,0.10783254420545518
2013-07-01,Lasso,0.10976429985473998
2013-07-01,Ridge,0.07158211836621156
2013-07-01,PC,0.04655931703034186
2013-07-01,PLS,0.03473365409506319
2013-07-01,Mean,0.019388901623644483
2013-07-01,Median,0.002054347587252428
2013-07-01,Trimmed mean,0.011746711753070585
2013-07-01,DMSPE(1),0.022335131616032934
2013-07-01,DMSPE(0.9),0.023709313669742334
2013-08-01,Elastic Net,0.10772409102186427
2013-08-01,Lasso,0.10965207135858385
2013-08-01,Ridge,0.07157467810324526
2013-08-01,PC,0.044922569915993374
2013-08-01,PLS,0.03269015047247993
2013-08-01,Mean,0.0192472942321853
2013-08-01,Median,0.0019445949156986866
2013-08-01,Trimmed mean,0.011616474384836862
2013-08-01,DMSPE(1),0.022182488650503738
2013-08-01,DMSPE(0.9),0.023568711371615574
2013-09-01,Elastic Net,0.10772409102186427
2013-09-01,Lasso,0.10965207135858385
2013-09-01,Ridge,0.07157069529090772
2013-09-01,PC,0.04757085523213522
2013-09-01,PLS,0.032104613945249834
2013-09-01,Mean,0.019163538088742733
2013-09-01,Median,0.0017924048844376243
2013-09-01,Trimmed mean,0.011417752503567163
2013-09-01,DMSPE(1),0.02214466218854878
2013-09-01,DMSPE(0.9),0.02351321956956136
2013-10-01,Elastic Net,0.10772409102186427
2013-10-01,Lasso,0.10965207135858385
2013-10-01,Ridge,0.0715971624131388
2013-10-01,PC,0.05313533708887283
2013-10-01,PLS,0.035231532279906344
2013-10-01,Mean,0.019677369393459397
2013-10-01,Median,0.0018812436631261346
2013-10-01,Trimmed mean,0.011817557260294934
2013-10-01,DMSPE(1),0.022729457567195573
2013-10-01,DMSPE(0.9),0.02406980221968882
2013-11-01,Elastic Net,0.10772409102186427
2013-11-01,Lasso,0.10965207135858385
2013-11-01,Ridge,0.07157680869061087
2013-11-01,PC,0.048714288573823095
2013-11-01,PLS,0.030414598110827386
2013-11-01,Mean,0.01924567696963476
2013-11-01,Median,0.0017267955928599674
2013-11-01,Trimmed mean,0.011416853425069488
2013-11-01,DMSPE(1),0.02226813543761217
2013-11-01,DMSPE(0.9),0.02357824381265634
2013-12-01,Elastic Net,0.10772409102186427
2013-12-01,Lasso,0.10965207135858385
2013-12-01,Ridge,0.0715698302375393
2013-12-01,PC,0.042866738734023926
2013-12-01,PLS,0.02935653013417447
2013-12-01,Mean,0.019113022581649382
2013-12-01,Median,0.0016894583970548036
2013-12-01,Trimmed mean,0.011291737681588454
2013-12-01,DMSPE(1),0.022111223832534915
2013-12-01,DMSPE(0.9),0.023404856539206313
2014-01-01,Elastic Net,0.10772409102186427
2014-01-01,Lasso,0.10965207135858385
2014-01-01,Ridge,0.07155351923223764
2014-01-01,PC,0.04400520799483569
2014-01-01,PLS,0.026709786428453983
2014-01-01,Mean,0.018785773106344286
2014-01-01,Median,0.001636054463544626
2014-01-01,Trimmed mean,0.011002185946578778
2014-01-01,DMSPE(1),0.021783393066200953
2014-01-01,DMSPE(0.9),0.02307345556747046
2014-02-01,Elastic Net,0.10761058023468645
2014-02-01,Lasso,0.10965207135858385
2014-02-01,Ridge,0.07155255877347892
2014-02-01,PC,0.0410300651924243
2014-02-01,PLS,0.02654014721999981
2014-02-01,Mean,0.01876780313397414
2014-02-01,Median,0.0016268329445078798
2014-02-01,Trimmed mean,0.010986293487771233
2014-02-01,DMSPE(1),0.021758227462028757
2014-02-01,DMSPE(0.9),0.023053725438153722
2014-03-01,Elastic Net,0.10761009710318574
2014-03-01,Lasso,0.10965207135858385
2014-03-01,Ridge,0.07155210795690868
2014-03-01,PC,0.04101935758865818
2014-03-01,PLS,0.02640448064442384
2014-03-01,Mean,0.018758061784550563
2014-03-01,Median,0.001624380187685259
2014-03-01,Trimmed mean,0.010980229477405418
2014-03-01,DMSPE(1),0.021748762646397343
2014-03-01,DMSPE(0.9),0.023047134554215944
2014-04-01,Elastic Net,0.10767011113455428
2014-04-01,Lasso,0.10965207135858385
2014-04-01,Ridge,0.07155431370618388
2014-04-01,PC,0.040987318242357317
2014-04-01,PLS,0.026355551119640403
2014-04-01,Mean,0.01879168878404051
2014-04-01,Median,0.0016252253915316486
2014-04-01,Trimmed mean,0.01100534785319549
2014-04-01,DMSPE(1),0.02178628180612903
2014-04-01,DMSPE(0.9),0.023080333987230743
2014-05-01,Elastic Net,0.10799150688595012
2014-05-01,Lasso,0.10965207135858385
2014-05-01,Ridge,0.07191488298260566
2014-05-01,PC,0.041463975927362014
2014-05-01,PLS,0.0270274049180843
2014-05-01,Mean,0.01893731443105568
2014-05-01,Median,0.0017218568988059976
2014-05-01,Trimmed mean,0.011137493785796669
2014-05-01,DMSPE(1),0.021945790657083415
2014-05-01,DMSPE(0.9),0.02321327173663613
2014-06-01,Elastic Net,0.10751899645316237
2014-06-01,Lasso,0.10965207135858385
2014-06-01,Ridge,0.07149886246606275
2014-06-01,PC,0.038055694109075486
2014-06-01,PLS,0.025629918130370858
2014-06-01,Mean,0.018789068120097653
2014-06-01,Median,0.001688605833152953
2014-06-01,Trimmed mean,0.011009948155520017
2014-06-01,DMSPE(1),0.021774463670864302
2014-06-01,DMSPE(0.9),0.02307814607967824
2014-07-01,Elastic Net,0.10807578074523866
2014-07-01,Lasso,0.10965207135858385
2014-07-01,Ridge,0.07193117383786254
2014-07-01,PC,0.04270786950127811
2014-07-01,PLS,0.029064769149288308
2014-07-01,Mean,0.01933022732232031
2014-07-01,Median,0.0018978408435825897
2014-07-01,Trimmed mean,0.011455107786498369
2014-07-01,DMSPE(1),0.022371886813657132
2014-07-01,DMSPE(0.9),0.02356302138570568
2014-08-01,Elastic Net,0.10846098042492172
2014-08-01,Lasso,0.10965207135858385
2014-08-01,Ridge,0.0723386744606837
2014-08-01,PC,0.04437305391114579
2014-08-01,PLS,0.030806332800737992
2014-08-01,Mean,0.01977009999760624
2014-08-01,Median,0.0021188181641514487
2014-08-01,Trimmed mean,0.011862138928767425
2014-08-01,DMSPE(1),0.022841948923679706
2014-08-01,DMSPE(0.9),0.024014223715049927
2014-09-01,Elastic Net,0.10975028115394664
2014-09-01,Lasso,0.10965207135858385
2014-09-01,Ridge,0.07395025146869288
2014-09-01,PC,0.04844747753526274
2014-09-01,PLS,0.03808458228693724
2014-09-01,Mean,0.02100535837110317
2014-09-01,Median,0.002705226329853857
2014-09-01,Trimmed mean,0.013006821226954818
2014-09-01,DMSPE(1),0.024155881732790194
2014-09-01,DMSPE(0.9),0.02534765770194737
2014-10-01,Elastic Net,0.11181618696081794
2014-10-01,Lasso,0.10970606321709589
2014-10-01,Ridge,0.07588680701776865
2014-10-01,PC,0.05329815912024911
2014-10-01,PLS,0.04607193275773835
2014-10-01,Mean,0.02246653300170975
2014-10-01,Median,0.0034880221513827222
2014-10-01,Trimmed mean,0.014362167345668933
2014-10-01,DMSPE(1),0.02572130901516767
2014-10-01,DMSPE(0.9),0.02705813956814041
2014-11-01,Elastic Net,0.11621201216446367
2014-11-01,Lasso,0.11016464363661031
2014-11-01,Ridge,0.08086322901698142
2014-11-01,PC,0.06657534892951542
2014-11-01,PLS,0.06616898379872357
2014-11-01,Mean,0.02601467787440125
2014-11-01,Median,0.005937979699027473
2014-11-01,Trimmed mean,0.01775700246569429
2014-11-01,DMSPE(1),0.02949326100085478
2014-11-01,DMSPE(0.9),0.03144614447225412
2014-12-01,Elastic Net,0.1227698113163388
2014-12-01,Lasso,0.11816673531574956
2014-12-01,Ridge,0.08791990679999277
2014-12-01,PC,0.08027301323150994
2014-12-01,PLS,0.08623327585045124
2014-12-01,Mean,0.030213885905872147
2014-12-01,Median,0.009261741852235151
2014-12-01,Trimmed mean,0.02172368352943784
2014-12-01,DMSPE(1),0.033937710777428895
2014-12-01,DMSPE(0.9),0.03624005710189791
2015-01-01,Elastic Net,0.11990563621719352
2015-01-01,Lasso,0.11438530755807695
2015-01-01,Ridge,0.08489136231373864
2015-01-01,PC,0.0739417669344096
2015-01-01,PLS,0.07636689962942836
2015-01-01,Mean,0.028627901633666564
2015-01-01,Median,0.007724177509340715
2015-01-01,Trimmed mean,0.020201112490347315
2015-01-01,DMSPE(1),0.0322553583313214
2015-01-01,DMSPE(0.9),0.034433025237588934
2015-02-01,Elastic Net,0.1199648146045302
2015-02-01,Lasso,0.11408316103219024
2015-02-01,Ridge,0.0863162803967466
2015-02-01,PC,0.07611840899778687
2015-02-01,PLS,0.07985083426445078
2015-02-01,Mean,0.029677915467712673
2015-02-01,Median,0.00874104936452827
2015-02-01,Trimmed mean,0.021273449109189824
2015-02-01,DMSPE(1),0.03332027003350121
2015-02-01,DMSPE(0.9),0.03553934911985196
2015-03-01,Elastic Net,0.11511493907005566
2015-03-01,Lasso,0.1082777531486862
2015-03-01,Ridge,0.08110801865792693
2015-03-01,PC,0.0615881105718735
2015-03-01,PLS,0.06353225739124567
2015-03-01,Mean,0.026679086930942567
2015-03-01,Median,0.005559717841168395
2015-03-01,Trimmed mean,0.01837173636544847
2015-03-01,DMSPE(1),0.03016811735521805
2015-03-01,DMSPE(0.9),0.032244782414253506
2015-04-01,Elastic Net,0.11736623702602739
2015-04-01,Lasso,0.10905794801305602
2015-04-01,Ridge,0.08113152304473883
2015-04-01,PC,0.06535048911957822
2015-04-01,PLS,0.06061868698375806
2015-04-01,Mean,0.026134358412068154
2015-04-01,Median,0.0048488989880906596
2015-04-01,Trimmed mean,0.01776731240129654
2015-04-01,DMSPE(1),0.029673169820802512
2015-04-01,DMSPE(0.9),0.03169318310520316
2015-05-01,Elastic Net,0.11721809785805777
2015-05-01,Lasso,0.10878566158617957
2015-05-01,Ridge,0.08114047058368679
2015-05-01,PC,0.06404552834274158
2015-05-01,PLS,0.06038445899616086
2015-05-01,Mean,0.02611338912453033
2015-05-01,Median,0.004820172678620638
2015-05-01,Trimmed mean,0.017742383776701728
2015-05-01,DMSPE(1),0.029656290187004226
2015-05-01,DMSPE(0.9),0.03167484022803171
2015-06-01,Elastic Net,0.12180665597028034
2015-06-01,Lasso,0.1145443350681295
2015-06-01,Ridge,0.08442842559358009
2015-06-01,PC,0.07044519540037114
2015-06-01,PLS,0.0676598344097322
2015-06-01,Mean,0.02757534901299978
2015-06-01,Median,0.006039234824270786
2015-06-01,Trimmed mean,0.019039871770491913
2015-06-01,DMSPE(1),0.031223964893219935
2015-06-01,DMSPE(0.9),0.03323471740026337
2015-07-01,Elastic Net,0.12711568500999573
2015-07-01,Lasso,0.12196088094073843
2015-07-01,Ridge,0.09025148541143328
2015-07-01,PC,0.0856560783821039
2015-07-01,PLS,0.08133191465962206
2015-07-01,Mean,0.030518236066930896
2015-07-01,Median,0.00870217618049453
2015-07-01,Trimmed mean,0.021902966622236897
2015-07-01,DMSPE(1),0.03433041470462818
2015-07-01,DMSPE(0.9),0.03638364745741031
2015-08-01,Elastic Net,0.12611032737028746
2015-08-01,Lasso,0.12064435116985815
2015-08-01,Ridge,0.08851026500799299
2015-08-01,PC,0.08503523955955293
2015-08-01,PLS,0.0754761914715448
2015-08-01,Mean,0.029558878242885993
2015-08-01,Median,0.007708150453025716
2015-08-01,Trimmed mean,0.020930688241304053
2015-08-01,DMSPE(1),0.03334068546916759
2015-08-01,DMSPE(0.9),0.03538935440124985
2015-09-01,Elastic Net,0.12503933186652405
2015-09-01,Lasso,0.11881436169969227
2015-09-01,Ridge,0.08756718235761858
2015-09-01,PC,0.08229110942201416
2015-09-01,PLS,0.07140357364049843
2015-09-01,Mean,0.029178680789419015
2015-09-01,Median,0.007412815250173584
2015-09-01,Trimmed mean,0.020573768912305126
2015-09-01,DMSPE(1),0.03293408781221015
2015-09-01,DMSPE(0.9),0.034976304562879076
2015-10-01,Elastic Net,0.1250734269845185
2015-10-01,Lasso,0.11856484210763128
2015-10-01,Ridge,0.08886744781490671
2015-10-01,PC,0.08203863108576107
2015-10-01,PLS,0.0758040132033126
2015-10-01,Mean,0.030190425867183852
2015-10-01,Median,0.008502437314558952
2015-10-01,Trimmed mean,0.021593773302223358
2015-10-01,DMSPE(1),0.03396073214853794
2015-10-01,DMSPE(0.9),0.035990755474312255
2015-11-01,Elastic Net,0.1294671817489146
2015-11-01,Lasso,0.12426492799851595
2015-11-01,Ridge,0.09335970470841981
2015-11-01,PC,0.09087596152782587
2015-11-01,PLS,0.08640243004273797
2015-11-01,Mean,0.03275093087273546
2015-11-01,Median,0.010798633828737752
2015-11-01,Trimmed mean,0.024066060753764884
2015-11-01,DMSPE(1),0.036638890441712056
2015-11-01,DMSPE(0.9),0.038702178799203686
2015-12-01,Elastic Net,0.13578634896968483
2015-12-01,Lasso,0.1327805772378436
2015-12-01,Ridge,0.09979267871991565
2015-12-01,PC,0.1034683131179536
2015-12-01,PLS,0.1005271240601537
2015-12-01,Mean,0.03626964306291406
2015-12-01,Median,0.013989901241771093
2015-12-01,Trimmed mean,0.027456027141300455
2015-12-01,DMSPE(1),0.040315243022627546
2015-12-01,DMSPE(0.9),0.04244871166584772
2016-01-01,Elastic Net,0.13730408183519893
2016-01-01,Lasso,0.13446791979874956
2016-01-01,Ridge,0.10125500383427496
2016-01-01,PC,0.10521879013821303
2016-01-01,PLS,0.10216907298939405
2016-01-01,Mean,0.03713705581157833
2016-01-01,Median,0.014851982979070652
2016-01-01,Trimmed mean,0.02830598693185267
2016-01-01,DMSPE(1),0.041217534000955486
2016-01-01,DMSPE(0.9),0.043372560505312296
2016-02-01,Elastic Net,0.1353599856984711
2016-02-01,Lasso,0.13296748411603576
2016-02-01,Ridge,0.09341016994431124
2016-02-01,PC,0.09302764226457264
2016-02-01,PLS,0.08112326586749194
2016-02-01,Mean,0.03260830261993592
2016-02-01,Median,0.009551693095684164
2016-02-01,Trimmed mean,0.023620984530052562
2016-02-01,DMSPE(1),0.03660290708076341
2016-02-01,DMSPE(0.9),0.03861188396800214
2016-03-01,Elastic Net,0.13809779789154558
2016-03-01,Lasso,0.1364991436687672
2016-03-01,Ridge,0.0937905007516083
2016-03-01,PC,0.09734409475661321
2016-03-01,PLS,0.0784111582396846
2016-03-01,Mean,0.0320681546473193
2016-03-01,Median,0.008829291666876085
2016-03-01,Trimmed mean,0.022989416571382985
2016-03-01,DMSPE(1),0.036135778803246865
2016-03-01,DMSPE(0.9),0.03813815462440113
2016-04-01,Elastic Net,0.1433170938345155
2016-04-01,Lasso,0.14331324318739763
2016-04-01,Ridge,0.09661954602014158
2016-04-01,PC,0.10762098552252902
2016-04-01,PLS,0.08132049563619614
2016-04-01,Mean,0.032688508865112056
2016-04-01,Median,0.009043346682082804
2016-04-01,Trimmed mean,0.023553324253894923
2016-04-01,DMSPE(1),0.036873343373975145
2016-04-01,DMSPE(0.9),0.03889018252597764
2016-05-01,Elastic Net,0.14455572904105346
2016-05-01,Lasso,0.14470450535174328
2016-05-01,Ridge,0.0973331320093697
2016-05-01,PC,0.10889805260236679
2016-05-01,PLS,0.08247943528311165
2016-05-01,Mean,0.032988676190401925
2016-05-01,Median,0.009221499073054988
2016-05-01,Trimmed mean,0.023830122962428216
2016-05-01,DMSPE(1),0.03720741737403482
2016-05-01,DMSPE(0.9),0.0392322124796799
2016-06-01,Elastic Net,0.1452374618299703
2016-06-01,Lasso,0.1461751347951766
2016-06-01,Ridge,0.09629019278626183
2016-06-01,PC,0.10834466062655315
2016-06-01,PLS,0.07907280779750668
2016-06-01,Mean,0.03235027218161076
2016-06-01,Median,0.008511310790119892
2016-06-01,Trimmed mean,0.023071749691732684
2016-06-01,DMSPE(1),0.0365696813922615
2016-06-01,DMSPE(0.9),0.03864920622927534
2016-07-01,Elastic Net,0.14484700247056231
2016-07-01,Lasso,0.1455597773585462
2016-07-01,Ridge,0.09609893494105175
2016-07-01,PC,0.10619096344174053
2016-07-01,PLS,0.07895237823753692
2016-07-01,Mean,0.03235199476182219
2016-07-01,Median,0.008513649226527881
2016-07-01,Trimmed mean,0.023074276717843224
2016-07-01,DMSPE(1),0.03657029997748506
2016-07-01,DMSPE(0.9),0.03864911271344145
2016-08-01,Elastic Net,0.14487944590250854
2016-08-01,Lasso,0.14558723359669845
2016-08-01,Ridge,0.09612131355023926
2016-08-01,PC,0.10585914219167862
2016-08-01,PLS,0.07896872170808424
2016-08-01,Mean,0.03237485004590735
2016-08-01,Median,0.008546263849221046
2016-08-01,Trimmed mean,0.02310014896567249
2016-08-01,DMSPE(1),0.03659278701689575
2016-08-01,DMSPE(0.9),0.0386741704930805
2016-09-01,Elastic Net,0.14830093839255973
2016-09-01,Lasso,0.14992107646651734
2016-09-01,Ridge,0.09770511688479015
2016-09-01,PC,0.10743595076990876
2016-09-01,PLS,0.08243795639388397
2016-09-01,Mean,0.03312510701798552
2016-09-01,Median,0.009281905815266918
2016-09-01,Trimmed mean,0.023852260433450432
2016-09-01,DMSPE(1),0.03740824198238106
2016-09-01,DMSPE(0.9),0.03950403109544623
2016-10-01,Elastic Net,0.14852947420684917
2016-10-01,Lasso,0.15090197735042257
2016-10-01,Ridge,0.09718378495707992
2016-10-01,PC,0.10776229928945703
2016-10-01,PLS,0.07907061163946204
2016-10-01,Mean,0.03250182224157063
2016-10-01,Median,0.008497178372829189
2016-10-01,Trimmed mean,0.023105688269438165
2016-10-01,DMSPE(1),0.03678416935170563
2016-10-01,DMSPE(0.9),0.03897243629257321
2016-11-01,Elastic Net,0.1536800084253013
2016-11-01,Lasso,0.15733292311412247
2016-11-01,Ridge,0.10139380230291793
2016-11-01,PC,0.1157706751399895
2016-11-01,PLS,0.08630166680852053
2016-11-01,Mean,0.03407632644918788
2016-11-01,Median,0.010007009577386398
2016-11-01,Trimmed mean,0.024569542428404898
2016-11-01,DMSPE(1),0.038457490531557066
2016-11-01,DMSPE(0.9),0.040667961018003705
