date,r,tbill,long_yield,inflation,svar,epu,kilian,oil_prod_growth,oil_stock_growth,oil_import_growth,m2_growth,ip_crude_growth,unrate_change,cfnai,capacity_util,MA_1_9,MA_1_12,MA_2_9,MA_2_12,MA_3_9,MA_3_12,MOM_1,MOM_2,MOM_3,MOM_6,MOM_9,MOM_12,OBV_1_9,OBV_1_12,OBV_2_9,OBV_2_12,OBV_3_9,OBV_3_12
2001-09-01,-0.1642080274012847,2.64,4.73,0,0.00728298191328595,84.28912,-45.123614,-0.00418337720085126,-0.01594059700118855,-0.01785101534233391,0.00646657058354982,-0.00404952650917156,0.3000000000000007,-0.43,72.5684,0,0,0,0,0,0,0,0,0,0,0,0,0,0,1,0,0,0
2001-10-01,-0.12060849905930128,2.16,4.57,0.00393812042013763,0.00324534137945441,188.05949,-48.987016,-0.0027986724581801,0.00438092667583589,-0.00470036118033156,0.02100295151284825,-0.00287003436229849,0.09999999999999964,-1.12,72.1084,0,0,0,0,0,0,0,0,0,0,0,0,0,0,0,0,1,0
2001-11-01,-0.01224729463176776,1.87,4.65,-0.00281135973754675,0.00216809351213337,173.14334,-53.640191,0.00646008357497507,0.01268086664095946,-0.01380075812148184,-0.00211236747736798,0.00647657638659726,0.2999999999999998,-0.18,71.6482,0,0,0,0,0,0,0,0,0,0,0,0,0,0,0,0,0,0
2001-12-01,0.01518621463480229,1.69,5.09,-5.632216425990322e-4,0.0017935718235528,130.57563,-58.323553,0.0232228549207214,-0.00333853823865837,0.01176420669140121,0.008144445045561,0.02326918242145215,0.20000000000000015,-0.81,71.2675,0,0,0,0,0,0,1,0,0,0,0,0,0,0,0,0,0,0
2002-01-01,0.04777925308531339,1.65,5.04,-5.63539039991845e-4,0.00220726889072902,117.23658,-56.36085,0.0010197145683044,-6.728936280939735e-4,-0.05298888061868823,0.00978951297906327,0.00103394859829464,0.20000000000000015,-0.32,71.2844,0,0,0,0,0,0,0,1,0,0,0,0,0,0,0,0,0,0
2002-02-01,0.16599238995150722,1.72,4.91,0.00168966528512726,0.0025802473452787,116.83745,-49.586035,-0.00238095350574063,0.02632521755100825,-0.01481677436820838,0.00374264292889492,-0.00238605663528623,0,-0.05,71.6773,0,0,0,0,0,0,1,1,1,0,0,0,0,0,0,0,0,0
2002-03-01,0.06062712281996241,1.79,5.28,0.00168681513147905,0.00199964167041381,87.60069,-46.520141,0.00136123893743622,0.02178701775666525,0.00503952503969706,0.0053510733925588,0.00127730413855875,0,-0.1,71.6304,1,1,1,1,0,0,1,1,1,1,0,0,1,1,1,1,0,0
2002-04-01,0.03120666337576283,1.71,5.21,0.00280505092760829,0.00232830629923817,83.44043,-36.253792,8.498343334615299e-4,0.01860354078835335,0.00524157991312357,0.00214697777199823,8.288965571052742e-4,0,-0.03,72.1017,1,1,1,1,1,1,1,1,1,1,1,0,1,1,1,1,1,1
2002-05-01,-0.05841174063793941,1.73,5.16,0.00447177939139376,0.00405543406685153,88.5661,-35.413335,-0.00716115592282839,-0.02691026057725665,0.05548384259690664,1.817504384860058e-5,-0.007054004931204,0.20000000000000015,0.16,72.3014,1,1,1,1,1,1,0,0,1,1,0,0,1,1,1,1,1,1
2002-06-01,0.05303798365293799,1.7,4.93,0.0011148273172461,0.00372465941979352,86.29886,-39.528863,0.01038395576087225,0.00730425327076744,0.00236254405422542,0.00475051662172809,0.01031993997041169,-0.10000000000000052,0.07,72.647,1,1,1,1,1,1,1,0,1,1,1,1,1,1,1,1,1,1
2002-07-01,0.04853790645051603,1.68,4.65,5.569479397662391e-4,0.01518657403173529,93.61022,-43.165356,-0.00356264691013308,-0.02940096936910663,1.0725585895521306e-4,0.00451199148365333,-0.00350451045880095,0,0.3,73.3658,1,1,1,1,1,1,1,1,0,1,1,1,1,1,1,1,1,1
2002-08-01,0.04210169603976554,1.62,4.26,0.00222469502211097,0.00937292091654877,110.30517,-43.926655,-0.02286305000757416,-0.04271927135663311,-0.01512888159630065,0.00765971115162322,-0.02296565812125539,0,-0.27,73.2563,1,1,1,1,1,1,1,1,1,1,1,1,1,1,1,1,1,1
2002-09-01,-0.03024596994384021,1.63,3.87,0.00277392688272559,0.0075098109290384,116.01482,-42.629814,0.00779427172681757,-0.02683631741483871,0.03844984521840366,0.00753054483134718,0.00779364745845789,-0.09999999999999964,-0.07,73.3176,1,1,1,1,1,1,1,1,1,1,1,1,1,1,1,1,1,1
2002-10-01,-0.09194929752540348,1.58,3.94,0.00166067018514048,0.01137545659287193,124.04315,-26.107714,-0.06873410579783723,-0.0902769050845098,-0.08150193052507682,0.0042475684625014,-0.06866519339469779,0,-0.34,73.3689,1,1,1,1,1,1,0,0,1,0,1,1,1,1,1,1,1,1
2002-11-01,0.1099136080086396,1.23,4.05,0.00220994565080268,0.00442090059840899,111.88598,-11.766883,-0.00984314753818083,0.07412512666613225,0.08024380496595818,0.00788084364495667,-0.00983892054234392,0,-0.35,73.1681,0,1,0,1,1,1,0,0,0,1,1,1,1,1,1,1,1,1
2002-12-01,0.10756706349654266,1.19,4.03,0.00165426009602587,0.00264818838882673,123.28439,-5.0369333,0.04845238338594626,-0.01174742345270019,0.01271777800180551,0.00889654543850504,0.04832912456565275,0.20000000000000015,0.15,73.5668,1,1,1,1,1,1,1,1,1,1,1,1,1,1,1,1,1,1
2003-01-01,0.07833276034282433,1.17,4.05,0.00165152803847323,0.00516358214545277,122.22166,8.1639997,0.01727524011955594,-0.03696143233096194,-0.09934773763995076,0.00369231188712682,0.01729996217542506,0.09999999999999964,-0.59,73.057,1,1,1,1,1,1,1,1,1,1,1,1,1,1,1,1,1,1
2003-02-01,-0.06857428299152923,1.17,3.9,0.00439078641749013,0.0025589733128512,138.9534,9.5588013,0.00575064754592702,-0.01293933315778694,-0.01243253034496483,0.00564208027348911,0.00584608115887963,-0.20000000000000015,0.39,73.7116,1,1,1,1,1,1,1,1,1,1,1,1,1,1,1,1,1,1
2003-03-01,-0.16977264049069207,1.13,3.81,0.00546151002552175,0.00611188295661917,126.72774,7.9921629,0.00485353700223534,-0.0108562127694185,-0.01858941704901795,0.0061919702479205,0.00478965106910944,0.10000000000000052,-0.46,73.6196,1,1,1,1,1,1,0,0,0,1,1,1,1,1,1,1,1,1
2003-04-01,-4.933001266307357e-4,1.13,3.96,0.00163265342388552,0.0030259907472646,163.52381,17.993039,0.00345244603238903,0.03800534473509742,0.08502293293126151,0.00344810269426965,0.00355466309347729,0,-0.18,73.725,0,0,0,0,1,1,0,0,0,0,0,0,0,1,1,1,1,1
2003-05-01,0.08574059224158237,1.07,3.57,-0.00381367937024545,0.0022249160276529,135.62755,29.487603,-0.01335781853254758,0.03416963891038627,0.0733334627666764,0.00630209578641327,-0.01347084141382293,0.09999999999999964,-0.63,73.2311,0,0,0,0,0,0,1,0,0,1,1,1,1,1,1,1,1,1
2003-06-01,-1.5269346839374975e-5,0.92,3.33,-0.00163889684321016,0.00198950020378658,102.61982,37.599075,-0.01106341954425538,-0.0202885110843578,0.02241018041678089,0.01007522759348411,-0.01094390924730426,0.09999999999999964,0.01,73.2797,0,1,0,1,0,0,1,1,0,0,0,1,1,1,1,1,1,1
2003-07-01,0.02164668667295499,0.9,3.98,0.0010928962836445,0.0020384610142683,95.82729,33.30546,-7.065889712816187e-4,-0.00325898305870531,-0.01139133708634432,0.00616672102567861,-7.787486350041561e-4,0.20000000000000015,0.14,73.6297,0,1,0,1,0,0,1,1,1,0,1,1,1,1,1,1,1,1
2003-08-01,-0.1122389595449622,0.95,4.45,0.00327154054061562,9.71144754024258e-4,91.74151,35.733426,-0.02886280841733146,0.00115185538690809,-3.9856517068059816e-4,0.00778343195732844,-0.02879218486884749,-0.09999999999999964,0.09,73.9182,1,1,0,1,0,1,1,1,1,0,1,1,1,1,1,1,1,1
2003-09-01,0.07033295598295064,0.94,4.27,0.00434547125950146,0.00187252989975058,95.67182,39.664974,0.01372853931670192,-0.01923105525228052,-0.001096874019332,0.00954252811271771,0.01360921779022472,-0.10000000000000052,-0.15,73.6423,0,0,0,1,0,1,0,0,0,0,0,0,1,1,1,1,1,1
2003-10-01,0.02452165030391384,0.92,4.29,0.00324675609887048,0.00139618982051384,106.11577,46.965128,0.00625952146644337,0.02529848723735028,0.02599851010616305,-0.004496676103523,0.00630115267518238,0,0.35,74.3034,0,0,0,0,0,0,0,0,0,1,0,1,0,1,1,1,1,1
2003-11-01,0.02956180524905649,0.93,4.3,-0.00108108118637328,9.145355918729328e-4,88.04379,99.725996,8.910274134912299e-4,0.02748495734904388,-0.02201563119769645,-0.00159674758404371,8.123727986619755e-4,-0.09999999999999964,0.14,74.3747,1,0,1,0,0,0,1,1,0,1,0,1,1,1,1,1,1,1
2003-12-01,0.0613432881825382,0.9,4.27,5.406866852455394e-4,8.877657705819194e-4,84.91824,101.9074,-0.01200623686659341,-0.04660923138967909,-0.07338204149788652,9.056852951214722e-4,-0.01200058015431615,-0.20000000000000015,0.48,75.074700000000007,1,1,1,1,1,0,1,1,1,1,1,1,1,1,1,1,1,1
2004-01-01,0.00886983117116591,0.88,4.15,0.00269905696916517,9.7788089255517e-4,91.73699,109.91387,0.00431732996558054,-0.04491202895630586,0.03499174962250251,-2.798515159039283e-4,0.00447721103680187,-0.09999999999999964,0.04,75.0148,1,1,1,1,1,1,1,1,1,1,1,0,1,1,1,1,1,1
2004-02-01,0.05527443607295401,0.93,4.08,0.00430339556005332,6.075145592608308e-4,96.56646,122.27162,0.00250986148248522,0.01010589916338844,-0.03541960287536483,0.0013655922292628,0.00241464745438868,0,0.05,74.9678,1,1,1,1,1,1,1,1,1,1,1,0,1,1,1,1,1,1
2004-03-01,-0.00132999065241135,0.94,3.83,0.00214477294013359,0.00198457051490567,99.4573,126.36387,-0.00233037660360402,0.04573029168163067,-0.00321474773215868,0.0065061398472892,-0.00234576854264823,-0.10000000000000052,0.46,75.5466,1,1,1,1,1,1,0,1,1,1,1,1,1,1,1,1,1,1
2004-04-01,0.08745698484455833,0.94,4.35,0.00214018273236771,0.00123669337562638,96.78947,120.28552,0.00804365763273651,0.04482039161669249,0.07950591019432984,0.00587963940462898,0.00800959337669837,0.20000000000000015,0.54,75.5405,1,1,1,1,1,1,1,1,1,1,1,1,1,1,1,1,1,1
2004-05-01,-0.06119229326637798,1.02,4.72,0.00160213652427732,9.77015397714484e-4,94.11529,106.92542,-0.01019960528780572,0.01981924464492834,0.00267287195709009,0.00663604662372563,-0.01007129374795656,-0.20000000000000015,0.08,75.789,1,1,1,1,1,1,1,1,1,1,1,1,1,1,1,1,1,1
2004-06-01,0.06875824204919301,1.27,4.73,0.0042598573469581,7.680095355561219e-4,92.32118,84.485827,-7.196833703932981e-4,0.00397494468829506,0.03277387703865742,0.01231317562551659,-7.864488704187877e-4,0,0.56,76.3573,1,1,1,1,1,1,0,0,1,1,1,1,1,1,1,1,1,1
2004-07-01,0.0957173486485332,1.33,4.5,0.00371254735618453,7.812381057860591e-4,85.34598,62.839552,-0.02718401449222973,0.00110609132755001,0.0077198381960386,3.5049707215684123e-4,-0.02718330814312963,0,-0.28,75.786,1,1,1,1,1,1,1,1,1,1,1,1,1,1,1,1,1,1
2004-08-01,0.01973217295469398,1.48,4.28,0.00105820115694754,0.00144587395896245,87.54419,89.280368,0.01414035130020074,-0.03478254543924386,-0.02256348423045473,0.00210040653240284,0.01416373928975645,-0.09999999999999964,0.47,76.4606,1,1,1,1,1,1,0,1,1,1,1,1,0,1,1,1,1,1
2004-09-01,0.14296995613282304,1.65,4.13,5.286809533657788e-4,7.069195775389195e-4,85.92587,99.242818,-0.02942205010457854,-0.05508592387571554,0.01560875701282782,0.00423511010602517,-0.02948679559013989,-0.09999999999999964,0.3,76.7794,1,1,1,1,1,1,1,1,1,1,1,1,1,1,1,1,1,1
2004-10-01,-0.09932186741226225,1.76,4.1,0.00316622955805012,0.00122583417992394,100.01189,98.41948,-0.04690461898389486,-0.02064268949969872,-0.0757418993143677,0.00543016330362,-0.04680390872271323,0,0.17,76.8286,1,1,1,1,1,1,1,1,1,1,1,1,1,1,1,1,1,1
2004-11-01,-0.11626263232784728,2.07,4.19,0.00525487283835879,8.513649161375767e-4,105.69511,107.23811,0.01736459590874339,0.04902548309962284,0.06632870907018606,0.00433553930770536,0.0172688549093416,0.09999999999999964,0.43,77.5592,1,1,1,1,1,1,0,0,1,1,1,1,1,1,1,1,1,1
2004-12-01,0.08257690571491816,2.19,4.23,0.00470589103741225,7.245043540543934e-4,95.24086,122.60437,0.04777647933858553,0.00546875275819402,-0.01203898035720385,0.00414513228331436,0.04785712104655371,-0.09999999999999964,0.04,77.4826,0,1,1,1,1,1,0,0,0,1,1,1,0,0,0,1,1,1
2005-01-01,0.02341692681977214,2.33,4.22,0,8.241084852875591e-4,77.59643,126.65087,0.01591545530589933,-0.00870072163762181,-0.01347185918834448,0.00283692555512615,0.01590516315726553,0,0.85,78.0452,1,1,1,1,1,1,1,0,0,1,1,1,1,1,0,1,0,1
2005-02-01,0.1145436001310256,2.54,4.17,-5.217845148388633e-4,8.353657830269884e-4,73.91848,106.50273,-0.01168322891325424,0.00111926867484513,-0.01034938086200298,9.801405652698492e-4,-0.0116820704453886,-0.10000000000000052,0.19,78.435,1,1,1,1,1,1,1,1,1,1,1,1,1,1,1,1,1,1
2005-03-01,-0.02568428671258038,2.74,4.5,0.00416667269484616,8.60245208547e-4,58.95005,106.91739,0.01004849964175314,0.05468872104330913,0.02196368464502818,0.00125877076692226,0.01009251121753695,0.10000000000000052,0.4,79.0327,1,1,1,1,1,1,1,1,1,1,1,1,1,1,1,1,1,1
2005-04-01,-0.06078087598013715,2.78,4.34,0.00363165120286268,0.00182634085253415,57.55796,109.89214,0.01801525933437275,0.05698647785598076,0.00224818041028562,0.00145881210302434,0.01794449120086927,-0.20000000000000015,-0.28,78.5127,1,1,1,1,1,1,0,0,1,0,1,1,1,1,1,1,1,1
2005-05-01,0.12244863262199868,2.84,4.14,0.00310238097848181,8.569424942709729e-4,74.56597,106.57834,-0.00680762213453789,0.05406442398117761,-0.00175901540517919,0.00209138657649887,-0.00679119188411281,0,0.57,78.6962,1,1,1,1,1,1,1,0,1,1,1,1,1,1,1,1,1,1
2005-06-01,0.03977916731936926,2.97,4,-5.163955704734491e-4,5.421203306840812e-4,70.50812,85.61821,0.00591452571007877,-0.00432473859681969,0.02014010754911766,0.00265826071470698,-0.01009387900790947,-0.10000000000000052,-0.02,78.7294,1,1,1,1,1,1,1,1,1,1,1,1,1,1,1,1,1,1
2005-07-01,0.09055784131175226,3.22,4.18,5.163955704734491e-4,6.480487702039793e-4,74.56133,56.920077,-0.0279054164421808,-0.02483503537320075,0.03142212563203017,0.00503438137515033,-0.01181212011672183,-0.09999999999999964,0.41,78.7768,1,1,1,1,1,1,1,1,1,1,1,1,1,1,1,1,1,1
2005-08-01,-0.00448472762078644,3.44,4.26,0.00617603610056427,6.976615128572561e-4,68.71645,35.096648,-0.03534729838922956,-0.02947961043943081,-0.03670831219318593,0.00487163167042759,-0.03530625758165495,0,-0.05,78.3186,1,1,1,1,1,1,1,1,1,1,1,1,1,1,1,1,1,1
2005-09-01,-0.05361199713985876,3.42,4.2,0.00613812668878566,6.580678963460677e-4,64.39586,34.062703,-0.01052540575252614,-0.02797249329498719,0.00259852896326329,0.005000086637855,-0.01055815260335979,-0.09999999999999964,0.21,78.5603,1,1,1,1,1,1,0,1,1,1,1,1,1,1,1,1,1,1
2005-10-01,-0.06033881994741419,3.71,4.46,0.01367456102017339,0.00181529817965015,91.40605,56.803706,-0.20986162083730164,-0.01063395938890643,-0.12789016945992948,0.0051265051909457,-0.21033241602729147,0.09999999999999964,-0.62,77.48,1,1,1,1,1,1,0,0,0,1,1,1,1,1,1,1,1,1
2005-11-01,0.0185174746672474,3.88,4.54,0.00150791684767703,5.379740103676392e-4,76.16369,68.804236,0.07781321532992358,0.05028737308464848,0.03107944109679117,0.00510035812158626,0.07789771234021448,0,0.65,78.4707,0,1,1,1,1,1,0,0,0,1,1,1,0,0,0,1,1,1
2005-12-01,0.09139562334806817,3.89,4.47,-0.00503525736564558,4.322495453012895e-4,72.21598,61.407375,0.0641954326516867,9.401427661543948e-4,0.08306813329650709,0.00252544367046247,0.06431200664536041,0,0.75,79.0556,1,1,1,1,1,1,1,1,0,1,1,1,1,1,0,1,0,1
2006-01-01,-0.06125032456479884,4.24,4.42,0,9.756606223151886e-4,78.04893,50.104413,0.02661406445418279,0.00390314154795312,-0.02626273954706626,0.00406038689478904,0.02670552741446474,-0.09999999999999964,0.33,79.0069,1,1,1,1,1,1,1,1,1,1,1,1,1,1,1,1,0,1
2006-02-01,0.01554979741769369,4.43,4.57,0.0060392735142436,6.486679157661869e-4,79.17535,35.741454,0.01195709742112249,-0.0012086237227038,-0.02327804733323901,0.00630503135821847,0.01192239195503175,-0.20000000000000015,0.48,79.4643,0,1,1,1,1,1,0,1,1,0,1,1,0,1,1,1,0,1
2006-03-01,0.0972661096856946,4.51,4.72,5.016303089888652e-4,5.419541937443869e-4,72.69299,43.597132,-0.00317460584077267,0.05790182681980838,0.02197668071482006,0.00364855649168127,-0.00312773048947523,0.09999999999999964,0.1,79.0794,1,1,1,1,1,1,1,0,1,1,1,1,1,1,0,1,1,1
2006-04-01,0.01697566571908471,4.6,4.99,0.00150338289403162,5.875260988619619e-4,64.22933,49.76304,-9.941346877013757e-4,4.552564690030181e-4,-0.02361636134453171,0.00215912535816187,-9.23099894329038e-4,-0.09999999999999964,0.23,78.8769,1,1,1,1,1,1,1,1,1,1,1,1,1,1,1,1,1,1
2006-05-01,-9.291845823438116e-4,4.72,5.11,0.00499501538052271,0.00136047574228478,79.76153,44.137219,0.01088150018753353,0.01424988951997718,0.01111745858314883,0.00553911936129303,0.01079666109083543,0,-0.09,79.0167,1,1,1,1,1,1,0,1,1,1,1,1,1,1,1,1,1,1
2006-06-01,0.04217879889085729,4.79,5.11,0.00298507684345405,0.0020888012884818,70.83626,43.068443,0.01348598568547565,-0.020416344277983,0.04405037137002665,9.98487667937198e-4,0.01347479015272412,-0.10000000000000052,0.02,78.699700000000007,1,1,1,1,1,1,1,1,1,1,1,1,1,1,1,1,1,1
2006-07-01,-0.02300897907931176,4.95,5.09,0.00248077527376278,0.00144164720940826,79.49433,53.695434,0.00232693531406447,-0.01151525191620095,0.03892949342593965,0.00557610021146537,0.00238327212668387,0,0.03,78.8103,1,1,1,1,1,1,1,1,1,1,1,1,1,1,1,1,1,1
2006-08-01,-0.1303351968643729,4.96,4.88,0.00543613891225991,4.614794471645709e-4,80.56231,64.843523,-0.01345442934024632,-0.01553574003538926,-0.04613778491400033,0.00608205346562584,-0.0133855365796891,0.10000000000000052,-0.28,78.4505,1,1,1,1,1,1,0,0,0,1,1,1,1,1,1,1,1,1
2006-09-01,-0.07563414699602822,4.81,4.72,0.00442587395685567,5.168463296254056e-4,72.76996,83.535263,-0.01065729447398844,0.00393441156536411,0.03222517096001454,0.0045590474589332,-0.0107401385956809,0,0.18,78.9204,0,0,0,1,1,1,0,0,0,0,1,0,0,0,0,1,1,1
2006-10-01,0.00272598862428674,4.92,4.73,-0.00491884907159612,4.4788425931738377e-4,67.06754,93.312725,-0.00178731057409642,-3.936469638592399e-4,0.0137258900247712,0.00393443130483461,-0.00175477775714538,-0.20000000000000015,0,78.8536,0,0,0,0,0,0,0,0,0,0,0,0,0,0,0,0,0,0
2006-11-01,0.04216578670035442,4.94,4.6,-0.00444774639823641,5.912602966092849e-4,63.46447,93.651959,0.01518916666111103,0.01962758404325093,-0.05804857758993975,0.00706605300596052,0.01525089657050493,-0.09999999999999964,-0.27,78.3077,0,0,0,0,0,0,1,1,0,0,1,1,0,0,0,0,0,0
2006-12-01,-0.1297627505287111,4.85,4.56,4.9517208241312e-4,3.5608573565006215e-4,62.51985,97.712692,-0.00865125332841643,-0.01429199990962537,-0.02180740615438203,0.00505738706960556,-0.00864748298377504,0.09999999999999964,-0.11,78.2181,0,0,0,0,0,0,0,1,0,0,0,1,0,0,0,0,0,0
2007-01-01,0.0800169607781025,4.98,4.76,0.00543077118513402,4.507947742393133e-4,63.37041,100.76194,0.02380600227459695,-0.06874946741577581,-0.03425732302309825,0.00607766811691234,0.02378118479799651,-0.09999999999999964,0.77,79.2287,0,0,0,0,0,0,0,0,0,0,0,0,0,0,0,0,0,0
2007-02-01,0.01419250892350731,5.03,4.72,0.0016579060562325,0.00151931444133137,79.01967,103.62781,-0.01515474894618051,0.03854911413288597,0.06640099288116375,0.00538090097060184,-0.01520883088508462,0.1999999999999993,-0.48,78.7671,0,0,0,0,0,0,1,1,0,0,0,1,0,0,0,0,0,0
2007-03-01,0.05392322763483515,4.94,4.56,0.00387084913353952,0.00158846089671373,57.20262,101.96318,0.0019557995673054,-0.02173196200790705,-0.12524149290409703,0.00224520532692373,0.00196798383682139,-0.09999999999999964,0.2,78.8272,1,0,0,0,0,0,1,1,1,1,0,0,1,1,1,0,0,0
2007-04-01,-0.01228522502324658,4.87,4.69,0.00518664749319963,5.771016226116315e-4,69.88729,116.87072,1.953697378489494e-4,0.04103609626977977,0.14165680006843928,0.00474043887190411,2.633243988929834e-4,-0.09999999999999964,0.24,79.3171,1,1,1,1,1,0,0,1,1,1,0,0,0,0,1,1,1,0
2007-05-01,0.05925558042080681,4.73,4.75,0.00299616948199865,6.97345943030255e-4,62.50171,128.35379,0.01184594879594591,0.03298527759837633,-0.02132401523399885,0.0100633097376992,0.01183622151456731,0.09999999999999964,-0.09,79.6259,1,0,1,0,1,1,0,0,1,1,0,0,0,0,0,0,1,0
2007-06-01,0.0919269501951634,4.61,5.1,0.00412447665692372,0.00147850646867706,74.68187,138.78003,0.00596671965568518,0.03261142921310345,0.01630179104059692,0.00191786361932422,0.00596118628692554,-0.09999999999999964,0.05,79.4375,1,1,1,1,1,1,1,1,1,1,1,0,1,0,0,0,0,0
2007-07-01,-0.02433997409018395,4.82,5,0.002314072179459,0.00244842574781874,73.29654,128.35662,-0.02644525099922745,0.00216009063631617,-0.03077468442655906,0.00456596678396792,-0.02646491467741851,0.1999999999999993,-0.02,79.5925,1,1,1,1,1,1,1,1,1,1,1,1,1,1,1,1,0,0
2007-08-01,0.09514387356776588,4.2,4.67,0.00177901246668099,0.00515614452771902,59.32398,141.32585,-0.00731734699743213,-0.05023385429705662,-0.00761755713191369,0.00423099936274518,-0.00736559877208087,0.10000000000000052,-0.4,79.4648,1,1,1,1,1,1,0,1,1,1,1,1,0,0,1,1,1,1
2007-09-01,0.06791437775251907,3.89,4.52,3.082332001183019e-4,0.00184642895475315,89.10405,150.51901,-0.01358933782188032,-0.04925964987288722,0.03722967603323113,0.0103443339233209,-0.01363703412317463,-0.10000000000000052,-0.07,79.1076,1,1,1,1,1,1,1,1,1,1,1,1,1,1,1,1,1,1
2007-10-01,0.09160573290531372,3.9,4.53,0.00422860024543858,0.00169261628725215,100.74438,167.79813,-0.01377655500261632,-0.02985097785926527,-8.728119644434429e-4,0.00245816517842811,-0.01370527413057987,0.10000000000000052,-0.08,79.2064,1,1,1,1,1,1,1,1,1,1,1,1,1,1,1,1,1,1
2007-11-01,-0.03593340482324336,3.27,4.15,0.00307849440109908,0.00565373975338552,89.45453,187.2047,0.0241849756294723,-0.01252702962520047,-0.05207487766978502,0.00203489029930104,0.02416388016393833,0,-0.27,78.9737,1,1,1,1,1,1,0,1,1,1,1,1,1,1,1,1,1,1
2007-12-01,0.01042176303878417,3,4.1,0.00782816408287345,0.00236087918532003,102.44111,187.71459,0.00238663597773047,-0.02542805981468809,0.02223661463050241,0.00342703118019471,0.00240522115711439,0,-0.08,79.2783,1,1,1,1,1,1,1,1,1,1,1,1,1,1,1,1,1,1
2008-01-01,0.02328198205189569,2.75,3.74,0.00289382340294874,0.00488054322826598,108.54379,180.83392,0.01518018307301893,-0.04583901021575798,-0.01703756117434984,0.00405690932990587,0.01508796861179329,0.2999999999999998,-0.44,79.2943,1,1,1,1,1,1,0,1,0,1,1,1,0,1,1,1,1,1
2008-02-01,0.0966915138749216,2.12,3.74,0.0034417753671736,0.0032774113976452,144.98473,148.85973,7.823196174463476e-4,0.0346996579248664,0.02480420381941606,0.00447958939656345,8.769256539107317e-4,0,-0.23,79.0333,1,1,1,1,1,1,1,1,1,1,1,1,1,1,1,1,1,1
2008-03-01,0.06311546614558905,1.26,3.51,0.00241490863745408,0.00624054209138852,108.10469,144.56947,0.0064308903302912,0.02033159535723605,-0.04524557090781478,0.01144078874563625,0.0064607319837231,-0.09999999999999964,-0.79,78.3808,1,1,1,1,1,1,0,1,1,1,1,1,0,0,1,1,0,1
2008-04-01,0.10194449609481591,1.29,3.68,0.00357164189274517,0.002851025411687,111.71236,160.33343,0.00793271065172263,0.0400993831814862,0,0.00864219075298144,0.00795542805059224,0.1999999999999993,-0.79,78.0497,1,1,1,1,1,1,1,1,1,1,1,1,1,1,0,1,1,1
2008-05-01,0.05501152934713982,1.73,3.88,0.00231170696550808,0.00164582738907736,102.1969,163.00967,-0.00173594411421085,0.01601552521693428,0.03497680014955051,0.00552577385234087,-0.00177104470201694,-0.09999999999999964,-0.67,77.2828,1,1,1,1,1,1,1,1,1,1,1,1,1,1,1,1,1,1
2008-06-01,-0.01093272110232668,1.86,4.1,0.0059000520681236,0.00348473412504147,94.28405,189.47923,-0.00716848947861414,-0.05162602238729441,-0.03207524370971626,0.00164532318480148,-0.00716120972306733,0.4000000000000003,-0.84,76.8707,1,1,1,1,1,1,1,1,1,1,1,1,1,1,1,1,1,1
2008-07-01,-0.13228819919024337,1.63,4.01,0.01042371879716608,0.00446752633821348,94.55676,182.92182,-9.726681050867824e-4,-0.02629012836021438,0.03597583374296675,0.00241772425145114,-0.00104154347207074,0.1999999999999993,-0.71,76.3794,1,1,1,1,1,1,0,0,1,1,1,1,1,1,1,1,1,1
2008-08-01,-0.114756130648777,1.72,3.89,0.00711606539350473,0.00342852622465807,109.78898,168.70722,0.00756183923207309,-0.00182739930786368,0.01131525720400361,0.00608945499709356,0.00757012206124052,0.20000000000000015,-1.21,75.6664,1,1,1,1,1,1,0,0,0,1,1,1,0,1,1,1,1,1
2008-09-01,-0.29808479955837397,1.13,3.69,-0.0014895846082954,0.02457960028611939,95.87075,150.20308,-0.03418800541369649,0.02436606945634345,0.01877254971693887,0.00187215544840491,-0.0341565871466365,0.2999999999999998,-1.25,74.7397,0,0,0,1,1,1,0,0,0,0,1,1,0,0,0,0,0,1
2008-10-01,-0.2723883938722653,0.67,3.81,8.54726299673203e-4,0.05730128302913331,187.7403,110.53878,-0.2302645883764427,0.00494619558571152,-0.20065993311100885,0.00849592435388757,-0.2303570918109541,0,-2.58,72.1116,0,0,0,0,0,0,0,0,0,0,0,0,0,0,0,0,0,0
2008-11-01,-0.3237129023626548,0.19,3.53,-0.00863561639955801,0.03642018867321705,189.91729,10.349109,0.1758419616069684,0.02798821153209374,0.17733697490917422,0.01293613794019421,0.17587402533555618,0.4000000000000003,-1.13,71.7634,0,0,0,0,0,0,0,0,0,0,0,0,0,0,0,0,0,0
2008-12-01,0.01171871272967761,0.03,2.42,-0.0178640940928183,0.02061888202719339,148.84257,-66.886553,0.06930237754589363,0.02814084581337184,-0.01417896944612273,0.006511749742101,0.06939108836554775,0.2999999999999998,-2.34,70.018,0,0,0,0,0,0,0,0,0,0,0,0,0,0,0,0,0,0
2009-01-01,-0.06851027063543569,0.13,2.52,-0.00826760505408152,0.01211811901311897,145.9947,-75.631421,0.00491111879934713,0.0132036530172801,-0.05424042836773068,0.02189630165287148,0.0048268099747557,0.5,-2.67,67.6929,0,0,0,0,0,0,0,0,0,0,0,0,0,0,0,0,0,0
2009-02-01,0.2050713197426477,0.3,2.87,0.0025275743322668,0.010160497304011,171.94621,-55.993114,0.00800238485348359,0.07533941347121953,0.03750830348945833,0.01022217380707779,0.00808425132416434,0.5,-3.04,65.5516,0,0,0,0,0,0,1,1,0,0,0,0,0,0,0,0,0,0
2009-03-01,0.03404158573274607,0.21,2.82,0.0036360422314452,0.01991062505264341,187.11403,13.456119,0.01829965349076445,0.01757408366797896,-0.07482404808836662,0.00364878206882757,0.01832174527464758,0.5000000000000009,-1.24,65.6396,0,0,0,0,0,0,1,1,1,0,0,0,0,0,0,0,0,0
2009-04-01,0.17157698642876928,0.16,2.93,-9.877705412728588e-4,0.00754269547679867,166.90338,21.250797,-0.00382482776480586,0.02588656216134843,0.03295333942562273,0.00803322947800921,-0.0039471226994765,0.3999999999999986,-2.34,64.5874,0,0,0,0,0,0,1,1,1,0,0,0,1,0,1,0,0,0
2009-05-01,0.15702796579194844,0.18,3.29,0.00100657575219731,0.0063180791005518,131.85612,4.7464614,0.01124142541985584,0.01076640320478006,-4.2662116688063634e-4,5.602741913808273e-4,0.01134636954590728,0.3000000000000007,-1.61,64.2313,1,0,1,0,0,0,1,1,1,1,0,0,1,1,1,1,1,0
2009-06-01,-0.0818170139831862,0.18,3.72,0.00147041233264744,0.00349122468209842,138.80585,47.361502,0.01858335974640823,-0.03125596704708222,-0.06352914522997644,0.00690014198334409,0.01853977494563885,0.4000000000000003,-1.19,63.6299,1,1,1,0,1,0,1,1,1,1,0,0,1,1,1,1,1,1
2009-07-01,0.09881690369058392,0.18,3.56,0.00826535985544119,0.00374740539391651,130.93348,87.589279,-0.02029000660039237,-0.03520199520849054,0.03770243555943331,0.00119466554706271,-0.02021524829485166,0.09999999999999964,-0.93,63.5164,1,1,1,1,1,1,0,1,1,1,1,0,1,1,1,1,1,1
2009-08-01,-0.02528193065845307,0.17,3.59,-2.98009855155712e-4,0.00217892565422397,126.28215,74.936313,0.0241879233686646,-0.00473073573157378,-0.00449833442715252,4.963717690014136e-4,0.02411920594010119,0,0.14,64.6551,1,1,1,1,1,1,1,1,1,1,1,0,1,1,1,1,1,1
2009-09-01,0.0840139419910444,0.12,3.4,0.00334285979087933,0.00191114916417896,152.55009,52.283671,0.0036982290670906,-0.02891491009063429,-0.03127348898302351,-5.9078959045777424e-5,0.00363137641738298,0.09999999999999964,0,65.5019,1,1,1,1,1,1,1,1,1,1,1,0,1,1,1,1,1,1
2009-10-01,0.02619529045635404,0.07,3.39,0.00192902546683626,0.00392576415657894,145.44437,38.973947,0.02569149230842882,-0.00170595066082412,0.04871452406501397,-1.6543965626247825e-4,0.02573915730285847,0.2000000000000011,-0.21,66.3037,1,1,1,1,1,1,1,1,1,1,1,1,1,1,1,1,1,1
2009-11-01,-0.04670429477465099,0.05,3.4,0.00299743499858529,0.00198607908841961,138.13055,54.371833,-0.00631600042428637,-0.00751749199146623,-0.07725501129162993,0.00310333887221503,-0.00620392449028184,0.1999999999999993,-0.29,66.4538,1,1,1,1,1,1,1,1,1,1,1,1,1,1,1,1,1,1
2009-12-01,0.04988578978074676,0.05,3.59,0.00334299654493097,9.339137472452808e-4,116.16231,90.333627,-0.02362963683694907,0.01317886167046999,0.02010931047426467,0.00342254625502214,-0.02378584672037842,-0.09999999999999964,0.06,67.2763,1,1,1,1,1,1,1,1,1,1,1,1,1,1,1,1,1,1
2010-01-01,-0.02412664394913388,0.06,3.73,5.200411547976458e-4,0.00200879253124081,121.22101,80.617915,0.01050991512418875,-0.03544893684308015,-0.06744128079553136,-5.637375950851009e-4,0.01053705061296561,0,-0.28,67.324700000000007,1,1,1,1,1,1,0,0,0,1,1,1,1,1,1,1,1,1
2010-02-01,0.06073213636846697,0.11,3.69,6.485218758465194e-4,0.00239187352518363,149.35928,68.717718,-0.00884309373633307,0.03515801825073694,0.03865563496909807,-0.00406124196367763,-0.00876535292599989,-0.09999999999999964,0.16,68.2023,1,1,1,1,1,1,1,1,1,1,1,1,1,1,1,1,1,1
2010-03-01,0.03711797276388307,0.15,3.73,-9.522298767450366e-4,6.284213837835423e-4,132.79865,52.177094,0.02719890216151732,0.01882616838020823,0.03118550984321722,0.00583359490275547,0.02724602940025189,0,-0.35,68.3351,1,1,1,1,1,1,1,1,1,1,1,1,1,1,1,1,1,1
2010-04-01,-0.1331979340388174,0.16,3.85,3.313132458968582e-4,0.0018101209734238,137.47003,70.337705,-0.00686666955400383,0.04564462040405104,0.06410325920648496,-4.4572689409427824e-4,-0.00688010940287942,0.09999999999999964,0.48,69.3304,1,1,1,1,1,1,1,1,1,1,1,1,1,1,1,1,1,1
2010-05-01,0.02188469233562484,0.16,3.42,2.3001407787592856e-4,0.00811220125735855,137.0774,65.232673,-0.02255527909546018,0.01113624689459236,0.04038939909088235,0.00366547432060393,-0.02256280657439813,0,0.4,70.0368,0,0,1,1,1,1,0,0,0,0,1,1,1,1,1,1,1,1
2010-06-01,0.01105631621477742,0.12,3.2,-5.199071645751729e-4,0.00562652436209592,151.10342,88.662592,0.00166774800074875,-0.00364858729137118,-0.00732679610111652,0.00631563874637208,0.00158702798640497,-0.3000000000000007,0.3,71.0454,0,0,0,0,1,1,1,0,0,0,1,1,1,1,1,1,1,1
2010-07-01,0.0022017528792757,0.16,3.01,-4.188828777280662e-4,0.0033263983539666,140.56916,67.128879,-0.00389574743706155,0.00976580464079113,0.02778240172710688,0.00221615095546035,-0.00396447258980892,-0.1999999999999993,-0.17,71.1019,1,1,0,1,0,0,1,1,0,1,1,1,1,1,1,1,1,1
2010-08-01,-0.01952801862437336,0.16,2.7,0.0018675086613582,0.00272283046386944,180.01446,19.067264,-0.01535898332381613,-0.02181786045392009,5.035500383350211e-4,0.00132039213976042,-0.01528878024445301,0,0.15,71.5936,0,0,0,0,0,0,0,0,0,0,0,1,1,1,1,1,1,1
2010-09-01,0.081218080147472,0.15,2.65,0.00146029672723901,0.00229680286896672,147.30909,43.249481,0.02773560755166038,0.00477592862386266,-0.0399539662108026,0.00558654222538557,0.02781775469510439,0.09999999999999964,-0.16,71.8344,1,1,0,0,0,0,1,1,1,0,1,1,1,1,1,1,1,1
2010-10-01,0.02588104909114053,0.13,2.54,0.00161394631065725,0.0010735161315822,182.14672,54.410282,0.0305546683219724,0.00973204608145117,-0.03345720115167694,0.003538891241746,0.03045408693273899,0,-0.19,72.0183,1,1,1,1,0,0,1,1,1,0,1,1,1,1,1,1,1,1
2010-11-01,0.0525232436378289,0.14,2.76,0.00347579870179526,0.00173358600170764,163.42489,53.269042,0.00266737954897067,0.01302544198587796,-0.07758969248296133,0.00568420536486513,0.00263002102474185,-0.09999999999999964,-0.12,72.135,1,1,1,1,1,1,1,1,1,1,1,1,1,1,1,1,1,1
2010-12-01,-0.00301347904316706,0.14,3.29,0.00253063685923393,8.194408832667086e-4,179.13559,38.317384,-0.00981537281425737,-0.04199392970765814,0.01844706872492452,0.00234658997947256,-0.0097842891750961,0.4000000000000003,-0.19,72.3198,1,1,1,1,1,1,1,1,1,1,1,1,1,1,1,1,1,1
2011-01-01,-0.0098478809031608,0.15,3.39,0.00400853143884916,8.66606837660897e-4,165.40785,24.736722,0.00554414368331279,-0.05554674947926941,-4.599287191577872e-4,0.00388367642729114,0.00567308787281994,-0.5,0.09,72.7705,1,1,1,1,1,1,1,1,1,1,1,1,1,1,1,1,1,1
2011-02-01,0.14430253046606056,0.13,3.58,0.00323779488080599,0.00106792895959571,142.17046,-12.554084,-0.01981332826301241,0.03424189503593666,0.05460580082513999,0.00291984227541419,-0.0199769436645365,-0.2000000000000011,0.03,72.9112,1,1,1,1,1,1,1,1,1,1,1,1,1,1,1,1,1,1
2011-03-01,0.05814652793982944,0.1,3.41,0.00320931925142531,0.00235476709496849,145.5089,-29.790314,-0.01669304102426849,0.00986869087381059,-0.1151729199820597,0.00724008499769901,-0.0167029574083779,-0.09999999999999964,-0.38,73.1221,1,1,1,1,1,1,1,1,1,1,1,1,1,1,1,1,1,1
2011-04-01,-0.08524522076721164,0.06,3.46,0.00516021138565658,6.344678157080648e-4,174.35437,-6.6965622,0.03846628082779624,0.0331519889692089,0.1151729199820597,0.00650834288767221,0.03855935793463416,0,0.41,73.6631,1,1,1,1,1,1,1,1,1,1,1,1,1,1,1,1,1,1
2011-05-01,-0.04707706348460006,0.04,3.17,0.00468311604905569,9.368411027410288e-4,157.49588,-17.585859,-0.01001797287027805,0.01741486095009925,-0.0381802005525742,0.00706410588097838,-0.01003005679258617,0.09999999999999964,-0.48,73.2825,1,1,1,1,1,1,0,0,1,1,1,1,1,1,1,1,1,1
2011-06-01,0.00812951479833268,0.04,3,0.00317666379111969,0.00230970158361984,126.19207,-17.038863,0.01126319227870986,0.00492047421464292,0.02458499060833929,0.00801419719122265,0.01120563031139099,-0.09999999999999964,-0.34,73.2916,0,1,1,1,1,1,0,0,0,1,1,1,1,1,1,1,1,1
2011-07-01,-0.1227713242334394,0.04,3,0,0.00183611203065721,158.08862,-11.066703,-0.00642056780292144,-0.03476607949774113,0.01924187496405238,0.0081247473983872,-0.00633376295630583,0.09999999999999964,0.01,73.4003,0,1,0,1,1,1,1,0,0,1,1,1,1,1,1,1,1,1
2011-08-01,-0.01159608898652475,0.02,2.3,0.00261661051866379,0.01958464689371896,197.91636,-16.000722,-0.02702131941970975,-0.0268438272941065,0.00442980574208284,0.017499893325222612,-0.02706804040461818,-0.09999999999999964,0.17,73.8092,0,0,0,0,0,0,0,0,0,0,1,1,0,1,0,1,0,1
2011-09-01,0.00863607455611426,0.01,1.98,0.003149497288911,0.00699463005513995,245.12671,-14.591319,0.04052783361211709,0.00121483031124292,-0.03734235762638605,0.01979381398909296,0.04057343092708532,0,0.01,74.1481,0,0,0,0,0,0,0,0,0,0,0,0,0,0,0,0,0,1
2011-10-01,0.11645163830359716,0.02,2.15,0.00216919345588362,0.0073334377668486,204.62979,13.647065,-0.00904341654027796,-0.04897662120298385,-0.0024649872425364,0.00214856626608117,-0.0091138997349649,0,-0.27,74.2838,0,0,0,0,0,0,1,1,0,0,1,1,0,0,0,0,0,0
2011-11-01,0.01406871540927001,0.01,2.01,6.749796769751626e-4,0.00765824306662285,159.73957,25.622501,0.05002779858105732,0.02034958299206835,-7.855900746314148e-4,0.0034385665076364,0.05016401064526121,-0.1999999999999993,0.16,74.6215,1,1,0,1,0,0,1,1,1,0,1,1,1,1,0,0,0,0
2011-12-01,0.01448055559336225,0.01,1.98,0.00184614488049472,0.00274868486741897,166.33902,13.452351,0.02294715880501563,-3.027388989185198e-4,-0.02075963611035014,0.00542119542776298,0.02279257175933047,-0.2000000000000011,-0.35,74.3844,1,1,1,1,1,1,0,1,1,1,0,1,0,0,0,0,0,0
2012-01-01,0.01692996519690215,0.03,1.97,2.3768024196879625e-4,6.421363762710745e-4,189.39836,15.404594,0.01201561653845573,-0.01855788841712247,-0.00149125350262657,0.00490674055408391,0.01216651670463786,-0.09999999999999964,0.28,74.7916,1,1,1,1,1,1,0,0,1,1,0,1,0,0,0,0,0,0
2012-02-01,0.03592443012294932,0.09,1.97,0.00272049215726166,6.1875764077063e-4,178.28653,-43.368472,0.01057866484954139,0.0379603896446774,-0.02134899507684373,0.00758175583583842,0.01042124371682184,-0.1999999999999993,0.37,75.3764,1,1,1,1,1,1,1,1,1,1,1,1,1,0,0,0,0,0
2012-03-01,-0.02877583256238658,0.08,2.17,0.00213516503686772,0.0011491956081426,149.63708,-82.571386,0.01462460778001251,0.01448094256999787,0.00409620796284215,0.00533541746271737,0.01476451781196264,0,0,75.6042,1,1,1,1,1,1,0,1,1,1,1,0,0,0,0,0,0,0
2012-04-01,-0.08546912197925538,0.08,2.05,0.0020912821313983,0.00162817995068566,137.55312,-62.523224,0.00936886567097339,0.06851430227916921,0.02411701724649084,0.00448542989748723,0.00931308026381216,-0.10000000000000142,-0.39,75.1074,1,1,1,1,1,1,1,0,1,1,1,0,1,0,0,0,0,0
2012-05-01,-0.13909371199750353,0.09,1.8,0.00165941076607456,0.00150417754202396,136.59669,-45.286214,-0.00110698200598058,0.02556041245091656,-0.01551131231668456,0.00544491669883484,-0.00110719525329106,0,0.06,75.4125,0,0,0,0,1,1,0,0,0,0,0,0,0,0,0,0,0,0
2012-06-01,0.06553992877760573,0.09,1.62,-0.00207032177028221,0.00343642683707172,158.56198,-37.297202,0.00788026142530462,0.01317363656301395,0.04028456435007577,0.0044010121843474,0.00780410303207279,0,-0.17,75.1177,0,0,0,0,0,0,0,0,0,0,1,0,0,0,0,0,0,0
2012-07-01,0.06268428312487462,0.1,1.53,-8.267047975740738e-4,0.001540352741107,194.61057,-53.156283,-0.01502598456622372,1.1856953601707688e-4,0.02221824787898185,0.00702951875756596,-0.01489069185849611,0,-0.32,75.2903,0,0,0,0,0,0,1,1,0,0,0,0,0,0,0,0,0,0
2012-08-01,-7.310764156227556e-4,0.1,1.68,2.8876823050083544e-4,7.220880808610693e-4,184.8797,-41.063858,0.02455656213487778,-0.04027915996581299,-0.05374093925095913,0.00526471526183947,0.02452674463809057,0,-0.28,75.0722,0,1,0,0,0,0,1,1,1,0,0,1,1,1,0,0,0,0
2012-09-01,-0.0572719265665973,0.11,1.72,0.00579271774312317,0.00103265748347078,152.35347,-74.303895,-0.01251776633188761,-0.02786241224467289,-0.00540946246308848,0.00703263515394603,-0.01262362494473112,-0.09999999999999964,-0.45,74.8803,0,0,0,0,0,0,0,1,1,0,0,1,0,0,1,0,0,0
2012-10-01,-0.03195495640204182,0.1,1.75,0.00475991986345825,9.324091714763924e-4,175.27705,-81.942015,0.03815429198555264,0.02058009454446185,-0.03332468405080036,0.0079031616410834,0.03823571231491307,-0.2999999999999998,-0.11,74.6507,0,0,0,0,0,0,0,0,0,0,0,0,0,0,0,0,0,0
2012-11-01,0.01537455286463274,0.09,1.65,0.00269316475440017,0.00190949758355696,165.94452,-52.252132,0.05484865196604183,0.01701572271475271,-0.0331160105270154,0.00646248319752551,0.05477829373248433,0,-0.26,74.48,0,0,0,0,0,0,1,0,0,1,0,0,1,0,0,0,0,0
2012-12-01,0.07362391097647114,0.07,1.72,-0.00168075617407748,0.00103045004637143,187.49064,-44.609738,0.01594112891728016,0.00820152880294067,0.00920760295548994,0.0067298588971969,0.01605755574535106,-0.09999999999999964,0.28,74.847,1,0,0,0,0,0,1,1,0,1,0,0,1,1,1,1,0,0
2013-01-01,3.7211980999440897e-4,0.07,1.91,-1.2108893564644065e-4,8.897690243100374e-4,192.82518,-62.449236,0.00338314390912231,-0.03735680798625473,-0.07338440691906101,0.0117242060603786,0.00330910741077072,0.20000000000000015,0.14,75.3132,1,1,1,1,1,0,1,1,1,1,0,0,1,1,1,1,1,1
2013-02-01,-0.02236473331875022,0.1,1.98,0.00197882976647978,0.00124709272927606,157.5333,-72.954705,-0.00324195082734846,0.03209269215480681,0.04525193636554192,0.00228656457700893,-0.00323774321812031,0.09999999999999964,-0.33,75.1177,1,0,1,1,1,1,0,1,1,0,1,0,1,1,1,1,1,1
2013-03-01,-0.00785801679516851,0.09,1.96,0.00541523784895492,4.828440063777379e-4,114.65412,-76.713107,0.00871526461034477,0.02044061275467434,-0.08701137698962924,0.00184449271712239,0.00878372380020842,-0.2999999999999998,0.23,75.4223,1,1,1,1,1,1,1,0,1,1,1,0,1,1,1,1,1,1
2013-04-01,0.02628563452885357,0.06,1.76,-0.00281587997395238,0.00169220379541028,124.94082,-60.04803,0.00961077109951702,0.02034916215672488,0.02758795651882906,0.00533364913270162,0.00960027814872877,-0.20000000000000015,-0.26,75.3358,1,1,1,1,1,1,0,1,0,1,1,0,0,1,1,1,1,1
2013-05-01,0.01086625500460813,0.04,1.93,-0.00209016213434054,0.00101562315442384,118.71049,-59.911825,0.02193671733060576,0.00836420094887913,0.03447939367420183,0.00259494085250189,0.02182435848075137,0.09999999999999964,-0.29,75.086,0,1,1,1,1,1,0,0,0,1,0,1,0,0,0,0,1,1
2013-06-01,0.0869075213460686,0.05,2.3,4.140697507883928e-4,0.00226397319033978,104.30455,-62.408127,-0.00653063545533072,-0.01114067859498391,-0.00245145597255103,0.00327415686662391,-0.00648492037786585,-0.09999999999999964,0.14,75.2806,1,1,1,1,1,1,1,1,0,1,1,1,0,0,0,0,0,0
2013-07-01,0.01560505673470125,0.04,2.58,0.00237757952195494,4.978325138105928e-4,114.61614,-52.523513,-0.00671097499167316,-0.03796030674528516,-0.00129265788423893,0.00535847722807858,-0.0066700116461309,0,-0.14,75.4822,1,1,1,1,1,1,1,1,1,1,1,1,1,1,1,1,0,0
2013-08-01,-0.00300771235350527,0.04,2.74,0.00195553898719591,9.555896412931168e-4,94.03991,-34.805547,0.03311337068319453,-0.02563606505797011,0.04142716643081812,0.00368365760354549,0.0330607263168341,-0.20000000000000015,-0.52,74.8373,1,1,1,1,1,1,1,1,1,1,1,1,1,1,1,1,1,1
2013-09-01,-0.05615063714455148,0.02,2.81,0.00238444563137107,6.189543136801469e-4,102.77067,-38.04593,0.0015940492217048,-0.0058695965891804,0.00507521049769721,0.00542147633150591,0.00166239501444032,-0.09999999999999964,0.3,75.4739,1,1,1,1,1,1,0,0,1,1,1,1,1,1,1,1,1,1
2013-10-01,-0.07059413834373496,0.05,2.62,3.768736661315941e-4,0.00142720098669373,144.40178,5.5512429,0.03955759050758978,0.01973131960695617,-0.02197067528374674,0.00561322054375068,0.03953220629721787,0,0.1,75.5084,0,0,1,1,1,1,0,0,0,1,0,1,0,0,1,1,1,1
2013-11-01,0.03673983337794206,0.07,2.72,5.350878634899914e-4,6.429406414663676e-4,171.02225,17.050216,-0.0100013655823119,0.02290872431912305,-0.05780454542818347,0.0113785824171817,-0.00998052042072572,0,0.01,75.7055,0,0,0,0,0,1,0,0,0,1,1,1,0,0,0,0,0,0
2013-12-01,-0.03373719475215209,0.07,2.9,0.00184279044557733,7.405752149587617e-4,89.90614,-1.8674533,0.02028260103314849,-0.02128277956714086,-0.00940487921104349,8.461507471952956e-4,0.02023245097459902,-0.2999999999999998,0.3,75.7266,1,1,0,0,0,0,1,1,0,1,1,1,0,0,0,0,0,0
2014-01-01,0.06236770524378121,0.04,2.86,0.00264067949336599,0.00131453125487479,104.60212,31.483762,0.00164027542927414,-0.04534038380533012,0.04796703417131454,0.00584884486760373,0.0017100864997408,-0.20000000000000015,-0.15,75.6078,0,0,0,1,0,0,0,1,1,0,1,1,0,0,0,0,0,0
2014-02-01,-0.00223836615746542,0.05,2.71,0.00242124171757485,0.00125909812858635,93.50074,-7.744601,0.01749607239375805,0.02851988299726215,-0.02382770109341692,0.00637200286745986,0.01747893608283579,-0.10000000000000052,-0.7,74.8402,1,1,1,1,0,1,1,1,1,0,1,1,0,0,0,0,0,0
2014-03-01,0.01065804661057612,0.05,2.72,0.00110017320770072,8.662684357648436e-4,88.98535,-33.287765,0.00949393728677527,0.02486566940983081,-0.05275770293460979,0.00591198267913739,0.00943577426973796,0.10000000000000052,0.44,75.5779,1,1,1,1,1,1,0,1,1,0,1,1,0,0,0,0,0,0
2014-04-01,-8.240859944961265e-4,0.03,2.71,0.00203997314024917,0.00137263190850299,93.46759,-6.9305148,0.01727536879599789,0.0262376196390317,0.01036421907763163,0.00319224146890917,0.01729307240605848,0,0.48,76.2934,0,1,1,1,1,1,0,0,1,1,0,1,0,0,0,0,0,0
2014-05-01,0.03339977281723483,0.03,2.56,0.00186245016756281,5.549661391313147e-4,91.11802,-41.99815,0.02724575170714338,0.02670309317134567,0.03790324915990517,0.00400705990997707,0.02724218884752183,-0.5,0.05,76.346,1,1,1,1,1,1,1,1,1,1,0,1,0,0,0,0,0,0
2014-06-01,-0.02214004933142321,0.04,2.6,0.00190119748174044,2.816607599121516e-4,90.39225,-47.314946,0.01352317181133599,-2.216200434190796e-4,-0.05272243871292126,0.00575585683159296,0.01359055332600878,0.09999999999999964,0.12,76.5986,1,1,1,1,1,1,1,1,1,1,1,1,1,0,0,0,0,0
2014-07-01,-0.07032335568870307,0.03,2.54,0.0013202602787965,9.577009572753792e-4,81.00762,-55.679653,0.01128394241080954,-0.02815101550470977,-0.01390960255433171,0.00486349344163983,0.01125124622784223,-0.20000000000000015,0.14,76.9097,0,0,1,1,1,1,0,0,0,1,1,0,0,0,1,0,0,0
2014-08-01,-0.03517400660156866,0.03,2.42,0.00112485240275095,5.441145937699941e-4,76.64489,-69.236676,0.01172399747249741,-0.04106640429561814,0.07651029083891459,0.00480502957222839,0.0117193793682091,0.10000000000000052,0.3,77.3389,0,0,0,0,0,1,0,0,0,0,1,0,0,0,0,0,0,0
2014-09-01,-0.09908967698037152,0.02,2.53,-1.6001414896038568e-4,7.24779634916233e-4,71.26214,-52.679783,0.00934849405605042,-0.02170050789284872,-0.02079132034821107,0.00211946717631938,0.00930489349976326,-0.10000000000000052,-0.23,76.9592,0,0,0,0,0,0,0,0,0,0,0,0,0,0,0,0,0,0
2014-10-01,-0.1057166091934314,0.02,2.3,7.158844228705163e-5,0.0029432691737293,84.33692,-34.44716,0.01667631753512744,0.00219879623258734,0.00293960660640735,0.00363535562392947,0.01674237011001178,-0.1999999999999993,0.01,77.0673,0,0,0,0,0,0,0,0,0,0,0,0,0,0,0,0,0,0
2014-11-01,-0.24243632344653765,0.02,2.33,-1.979334907824537e-4,1.4969914875413362e-4,100.20666,-36.218334,0.0196512873972896,0.0527032955336022,-0.04740353425737886,0.00640356633017091,0.01964596142088659,-0.20000000000000015,0.04,77.083,0,0,0,0,0,0,0,0,0,0,0,0,0,0,0,0,0,0
2014-12-01,-0.22123243256942215,0.03,2.21,-0.00188443458454212,0.0019819832342268,88.56003,-16.801234,0.00614325367923918,0.01570425365009242,0.0203565846775664,0.00353894278672761,0.00607198135017039,0.09999999999999964,0.27,77.7121,0,0,0,0,0,0,0,0,0,0,0,0,0,0,0,0,0,0
2015-01-01,0.06620727269595461,0.03,1.88,-0.00308937665812436,0.00222891765436146,85.1875,-54.478351,0.02535541338013125,0.01097162043113719,-0.00964194797625239,0.00714294868923381,0.02535061990354226,-0.20000000000000015,0.06,77.6425,0,0,0,0,0,0,0,0,0,0,0,0,0,0,0,0,0,0
2015-02-01,-0.05880260880822252,0.02,1.98,-0.0063906934924871,8.051433719012254e-4,117.16063,-76.330388,-0.01786233614621757,0.072222333869016,-0.0075021190980582,0.00744812734574296,-0.01778692168501816,0.10000000000000052,-0.26,77.2673,0,0,0,0,0,0,1,0,0,0,0,0,0,0,0,0,0,0
2015-03-01,0.12879695145640913,0.03,2.04,0.0025314368884981,0.00172379688938215,100.31974,-106.01405,0.01145172094948954,0.06110533434847554,-0.00995033085316876,0.00991242101383171,0.01137900173406425,-0.20000000000000015,-0.48,76.7788,0,0,0,0,0,0,0,0,0,0,0,0,0,0,0,0,0,0
2015-04-01,0.08152810671672395,0.02,1.94,0.00269032959658144,5.754746269359067e-4,105.21813,-99.558775,0.009965988595793,0.05880095805873253,0.06700027726035707,-1.9292631532863425e-4,0.00995716077679897,-0.09999999999999964,0.01,77.107,0,0,0,0,0,0,1,1,1,0,0,0,0,0,0,0,0,0
2015-05-01,0.00647268023034008,0.02,2.2,0.0010419358923821,8.844686844082636e-4,109.64379,-96.857862,0.00748755578001514,0.01825838967019244,-0.05190354100158956,0.0028565344804754,0.00755172377536794,0,0,77.168,0,0,0,0,0,0,1,1,1,0,0,0,1,0,1,0,0,0
2015-06-01,-0.16306219254931964,0.02,2.36,0.00329231970405352,0.00106021970771588,101.01894,-96.069014,-0.01945871627872897,-0.00730241130539965,0.00512005546660887,0.00233945597400442,-0.0194964481204467,0.1999999999999993,-0.34,77.2543,1,0,1,0,1,0,0,0,1,1,0,0,0,0,1,0,1,0
2015-07-01,-0.1716864418572488,0.03,2.32,0.0027640971717151,0.00115961334921689,108.95279,-80.398383,-0.01233008818346093,-0.02297562019377785,0.0104353548918592,0.00338251911706066,-0.01228431485501246,-0.2999999999999998,-0.14,77.0019,0,0,0,0,1,0,0,0,0,0,0,0,0,0,0,0,1,0
2015-08-01,0.06135050540772191,0.07,2.17,0.0015850629039944,0.00588466679826347,98.91843,-47.081876,0.00915581824483346,-0.03041328406487053,0.00531300207627971,0.00363633745371672,0.00910609165637676,-0.09999999999999964,0.35,77.6092,0,0,0,0,0,0,1,0,0,0,0,0,1,0,0,0,0,0
2015-09-01,0.01515094316185328,0.02,2.17,-4.2010893430699525e-6,0.00407873913803666,129.69532,-38.069058,-0.00382247226947107,0.00167526573327592,0.04736575473468107,0.00372224260362941,-0.00377766046739047,-0.10000000000000052,-0.28,77.4038,0,0,0,0,0,0,0,0,0,0,0,0,0,0,0,0,0,0
2015-10-01,-0.08651519560380327,0.02,2.07,-0.00225011713527223,0.00159877398006406,138.72169,-55.827583,0.00752480896800733,0.00749114464548128,-0.06546331474548417,0.00509761911586181,0.00749366637325898,-0.09999999999999964,-0.12,77.2334,0,0,0,0,0,0,1,0,0,0,0,0,1,1,0,0,0,0
2015-11-01,-0.13097527355928706,0.12,2.26,9.8899280204634e-4,0.00111493318234317,102.89402,-67.150911,-0.00816331063916209,0.05509873901217332,-0.01758593820908594,0.0042050793343602,-0.00813512813116545,0,-0.26,77.1073,0,0,0,0,0,0,0,0,0,0,0,0,0,0,0,0,0,0
2015-12-01,-0.15989579231030104,0.23,2.24,0.0011939045033511,0.00284354796754422,92.10044,-97.997503,-0.00705055799666709,0.00209967802803667,0.03717694768625534,0.00748102681403217,-0.00707534321068159,0.09999999999999964,-0.36,76.8788,0,0,0,0,0,0,0,0,0,0,0,0,0,0,0,0,0,0
2016-01-01,-0.04254744604581839,0.26,2.09,-0.00107613224951652,0.00432392322229262,99.34261,-109.18816,-0.00623725003037201,-0.01378345043748652,0.06956250978204892,0.00573976779096874,-0.00621256929096691,-0.09999999999999964,-0.3,76.6535,0,0,0,0,0,0,0,0,0,0,0,0,0,0,0,0,0,0
2016-02-01,0.2107359244270448,0.31,1.78,-4.585486804522532e-4,0.00260122738374631,119.01519,-138.5362,-0.00660211283853406,-0.02046877785550194,-0.03699590564207433,0.01048736043733811,-0.00664367437162205,-0.20000000000000015,0.09,76.9479,0,0,0,0,0,0,1,0,0,0,0,0,0,0,0,0,0,0
2016-03-01,0.07795913455351888,0.29,1.89,-0.00133056012623633,0.00125663730565708,114.62456,-161.24365,-0.01553981807531101,0.04230442412375801,0.03851335661610733,0.00679873968669042,-0.0155198461380186,0.10000000000000052,-0.23,76.6505,0,0,0,0,0,0,1,1,1,0,0,0,1,1,0,0,0,0
2016-04-01,0.1341411290359904,0.23,1.81,0.00312989300892763,8.180342959049306e-4,104.19081,-139.15272,0.00462148709875442,0.02539445803865625,0.01230707484033821,0.00458329682984093,0.00459775660343542,0.09999999999999964,-0.33,76.5647,1,1,1,0,0,0,1,1,1,0,0,0,1,1,1,1,1,1
2016-05-01,0.04017991866501891,0.27,1.81,0.00382332692320996,9.923194238749726e-4,84.25134,-93.327074,-0.02546137875859422,0.00889829109661022,-0.05134584851831647,0.00640820929410601,-0.02547111646620958,0.09999999999999964,-0.1,76.4303,1,1,1,1,1,1,1,1,1,1,0,0,1,1,1,1,1,1
2016-06-01,-0.08755216964724921,0.27,1.64,0.00236130579115467,0.00290413558413236,82.04127,-91.37151,-0.00462780892526737,0.00497071091151646,0.04068008456976457,0.00460361272152098,-0.00457897833451159,-0.2999999999999998,-0.35,76.3181,1,1,1,1,1,1,0,1,1,1,1,0,1,1,1,1,1,1
2016-07-01,-2.809925558500126e-4,0.3,1.5,0.00277211143403466,4.736868403182654e-4,162.62912,-93.442306,-0.01826743341670322,-0.02173247260545707,-0.04740346366357784,0.00393693622770996,-0.01822866124803734,0.10000000000000052,0.13,76.467,1,0,1,1,1,1,0,0,0,1,0,0,1,1,1,1,1,1
2016-08-01,0.0076139070082446,0.3,1.56,-5.038276433131372e-4,2.7883313798523053e-4,121.96465,-78.056139,-0.00115287077560566,-0.01488288233169399,0.06849892235366895,0.00461102181649941,-0.00124420068073849,-0.10000000000000052,0.05,76.4489,1,1,1,1,1,1,1,0,0,1,1,0,1,1,1,1,1,1
2016-09-01,0.09461883821583372,0.29,1.63,0.00184751408018524,0.0016864944879825,91.8289,-83.076358,0.0029947039197431,-0.01384119969346109,-0.00993056820260207,0.00600736896357823,0.00298004004884777,0.10000000000000052,-0.22,76.0902,1,1,1,1,1,1,1,1,0,1,1,1,1,1,1,1,1,1
2016-10-01,-0.08756890914143911,0.33,1.76,0.00261977518476896,3.658442605816528e-4,79.80896,-62.458321,-0.01716780362236569,-0.03159897722202842,0.00298953884836628,0.00500680649373386,-0.01710445652841219,0.09999999999999964,-0.09,76.2173,1,1,1,1,1,1,0,1,1,1,1,1,1,1,1,1,1,1
2016-11-01,0.1269226470130187,0.45,2.14,0.00233994768375556,9.340796504496358e-4,92.51785,-57.724987,0.03019358194377908,0.04085991235282549,-0.06023601574151627,0.00518763315909254,0.03013913751916419,-0.09999999999999964,-0.07,76.2794,1,1,1,1,1,1,1,1,1,1,1,1,1,1,1,1,1,1
