date,futures_price,volume,n_daily_obs
2000-09-01,30.860000610351562,1641888,20
2000-10-01,32.689998626708984,1389941,22
2000-11-01,33.79999923706055,1259132,20
2000-12-01,26.799999237060547,1244493,20
2001-01-01,28.700000762939453,1418354,21
2001-02-01,27.420000076293945,1323734,19
2001-03-01,26.399999618530273,1461571,22
2001-04-01,28.459999084472656,1291480,20
2001-05-01,28.3700008392334,1209471,22
2001-06-01,26.25,1579933,21
2001-07-01,26.350000381469727,1400644,21
2001-08-01,27.200000762939453,1463964,23
2001-09-01,23.43000030517578,926078,16
2001-10-01,21.18000030517578,1379829,23
2001-11-01,19.440000534057617,1511304,20
2001-12-01,19.84000015258789,1268254,19
2002-01-01,19.479999542236328,1581339,21
2002-02-01,21.850000381469727,1499673,19
2002-03-01,26.229999542236328,1641453,20
2002-04-01,27.290000915527344,1848411,22
2002-05-01,25.350000381469727,1956382,22
2002-06-01,26.860000610351562,1480771,20
2002-07-01,27.020000457763672,1677541,21
2002-08-01,28.979999542236328,1816652,22
2002-09-01,30.469999313354492,1559981,20
2002-10-01,27.219999313354492,1948709,23
2002-11-01,26.889999389648438,1620891,19
2002-12-01,31.200000762939453,1712138,21
2003-01-01,33.5099983215332,1943096,21
2003-02-01,36.599998474121094,1766013,19
2003-03-01,31.040000915527344,1693911,21
2003-04-01,25.799999237060547,1516421,21
2003-05-01,29.559999465942383,1669673,21
2003-06-01,30.190000534057617,1584286,21
2003-07-01,30.540000915527344,1606181,22
2003-08-01,31.56999969482422,1784765,21
2003-09-01,29.200000762939453,1683600,21
2003-10-01,29.110000610351562,1779100,23
2003-11-01,30.40999984741211,1632868,18
2003-12-01,32.52000045776367,1599008,21
2004-01-01,33.04999923706055,1903087,19
2004-02-01,36.15999984741211,1697053,19
2004-03-01,35.7599983215332,2041599,23
2004-04-01,37.380001068115234,2019727,21
2004-05-01,39.880001068115234,1949567,20
2004-06-01,37.04999923706055,2004205,21
2004-07-01,43.79999923706055,1820316,21
2004-08-01,42.119998931884766,2289972,22
2004-09-01,49.63999938964844,2097767,21
2004-10-01,51.7599983215332,2157611,21
2004-11-01,49.130001068115234,1920477,20
2004-12-01,43.45000076293945,1899663,21
2005-01-01,48.20000076293945,1968166,20
2005-02-01,51.75,1686561,19
2005-03-01,55.400001525878906,2181030,22
2005-04-01,49.720001220703125,2196698,21
2005-05-01,51.970001220703125,2130537,21
2005-06-01,56.5,2242541,22
2005-07-01,60.56999969482422,2135377,20
2005-08-01,68.94000244140625,2488887,23
2005-09-01,66.23999786376953,2269251,21
2005-10-01,59.7599983215332,2023131,21
2005-11-01,57.31999969482422,1971974,20
2005-12-01,61.040000915527344,1891467,21
2006-01-01,67.91999816894531,2257664,20
2006-02-01,61.40999984741211,2326517,19
2006-03-01,66.62999725341797,2386391,23
2006-04-01,71.87999725341797,2170291,19
2006-05-01,71.29000091552734,2533163,22
2006-06-01,73.9800033569336,2237163,22
2006-07-01,74.4000015258789,1871824,19
2006-08-01,70.26000213623047,2089659,23
2006-09-01,62.90999984741211,2605508,21
2006-10-01,58.72999954223633,3473023,22
2006-11-01,63.130001068115234,3672965,20
2006-12-01,61.04999923706055,3343134,20
2007-01-01,58.13999938964844,5193859,21
2007-02-01,61.790000915527344,4971135,19
2007-03-01,65.87000274658203,4948480,22
2007-04-01,65.70999908447266,4252646,20
2007-05-01,64.01000213623047,4884743,22
2007-06-01,70.68000030517578,4625026,21
2007-07-01,78.20999908447266,4460682,21
2007-08-01,74.04000091552734,5184742,23
2007-09-01,81.660003662109375,4936822,19
2007-10-01,94.529998779296875,6263924,23
2007-11-01,88.70999908447266,6345033,21
2007-12-01,95.9800033569336,4496780,20
2008-01-01,91.75,5744195,21
2008-02-01,101.83999633789062,5352385,20
2008-03-01,101.58000183105469,6349475,20
2008-04-01,113.45999908447266,5854686,22
2008-05-01,127.3499984741211,7054428,21
2008-06-01,140,6474258,21
2008-07-01,124.08000183105469,6083909,22
2008-08-01,115.45999908447266,5692611,21
2008-09-01,100.63999938964844,5950416,21
2008-10-01,67.80999755859375,5903035,23
2008-11-01,54.43000030517578,4752064,19
2008-12-01,44.599998474121094,4640198,22
2009-01-01,41.68000030517578,5452571,20
2009-02-01,44.7599983215332,5075519,19
2009-03-01,49.65999984741211,5322078,22
2009-04-01,51.119998931884766,4954274,21
2009-05-01,66.30999755859375,5254102,20
2009-06-01,69.88999938964844,5843371,22
2009-07-01,69.44999694824219,6155493,22
2009-08-01,69.95999908447266,5930812,21
2009-09-01,70.61000061035156,5938598,21
2009-10-01,77,7286480,22
2009-11-01,77.279998779296875,6674756,20
2009-12-01,79.36000061035156,5820203,22
2010-01-01,72.88999938964844,5645255,19
2010-02-01,79.660003662109375,6769263,19
2010-03-01,83.76000213623047,6836560,23
2010-04-01,86.1500015258789,7622339,21
2010-05-01,73.970001220703125,8409610,20
2010-06-01,75.62999725341797,7515626,22
2010-07-01,78.94999694824219,6459054,21
2010-08-01,71.91999816894531,7019320,22
2010-09-01,79.970001220703125,7092675,21
2010-10-01,81.43000030517578,6834324,21
2010-11-01,84.11000061035156,7047186,21
2010-12-01,91.37999725341797,5666635,22
2011-01-01,92.19000244140625,7342599,20
2011-02-01,96.970001220703125,6702855,19
2011-03-01,106.72000122070312,7142807,23
2011-04-01,113.93000030517578,5906063,20
2011-05-01,102.69999694824219,7956821,21
2011-06-01,95.41999816894531,7612897,22
2011-07-01,95.69999694824219,5712768,20
2011-08-01,88.80999755859375,8623260,23
2011-09-01,79.19999694824219,6687717,21
2011-10-01,93.19000244140625,6923687,21
2011-11-01,100.36000061035156,6546619,21
2011-12-01,98.83000183105469,4905263,21
2012-01-01,98.4800033569336,5698759,20
2012-02-01,107.06999969482422,5837415,20
2012-03-01,103.0199966430664,6022417,22
2012-04-01,104.87000274658203,4682534,20
2012-05-01,86.529998779296875,6008992,22
2012-06-01,84.95999908447266,6321933,21
2012-07-01,88.05999755859375,5496180,21
2012-08-01,96.470001220703125,5267722,23
2012-09-01,92.19000244140625,4549667,19
2012-10-01,86.23999786376953,5239421,21
2012-11-01,88.910003662109375,5396754,21
2012-12-01,91.81999969482422,3789627,20
2013-01-01,97.48999786376953,4573516,21
2013-02-01,92.05000305175781,4427942,19
2013-03-01,97.2300033569336,4226621,20
2013-04-01,93.45999908447266,5632039,22
2013-05-01,91.970001220703125,6126412,22
2013-06-01,96.55999755859375,5266358,20
2013-07-01,105.02999877929688,5636543,22
2013-08-01,107.6500015258789,5634934,22
2013-09-01,102.33000183105469,4794167,20
2013-10-01,96.37999725341797,5458477,23
2013-11-01,92.720001220703125,4709460,20
2013-12-01,98.41999816894531,3828981,21
2014-01-01,97.48999786376953,4699881,21
2014-02-01,102.58999633789062,4092761,19
2014-03-01,101.58000183105469,4805002,21
2014-04-01,99.73999786376953,4991696,21
2014-05-01,102.70999908447266,4580697,21
2014-06-01,105.37000274658203,4302933,21
2014-07-01,98.16999816894531,5346395,22
2014-08-01,95.95999908447266,4773185,21
2014-09-01,91.160003662109375,5762880,21
2014-10-01,80.54000091552734,7448385,23
2014-11-01,66.1500015258789,6055929,19
2014-12-01,53.27000045776367,6919717,22
2015-01-01,48.2400016784668,7699363,20
2015-02-01,49.7599983215332,8798437,19
2015-03-01,47.599998474121094,8046270,22
2015-04-01,59.630001068115234,7959153,21
2015-05-01,60.29999923706055,6651435,20
2015-06-01,59.470001220703125,6767902,22
2015-07-01,47.119998931884766,7403886,22
2015-08-01,49.20000076293945,8594213,21
2015-09-01,45.09000015258789,8283967,21
2015-10-01,46.59000015258789,8628176,22
2015-11-01,41.650001525878906,8277803,20
2015-12-01,37.040000915527344,8971442,22
2016-01-01,33.619998931884766,11048634,19
2016-02-01,33.75,11959964,20
2016-03-01,38.34000015258789,11329978,22
2016-04-01,45.91999816894531,12383923,21
2016-05-01,49.099998474121094,11708681,21
2016-06-01,48.33000183105469,10863962,22
2016-07-01,41.599998474121094,9855331,20
2016-08-01,44.70000076293945,12064000,23
2016-09-01,48.2400016784668,13029632,21
2016-10-01,46.86000061035156,10661311,20
2016-11-01,49.439998626708984,13496865,20
2016-12-01,53.720001220703125,11030474,21
2017-01-01,52.630001068115234,10095472,19
